"","id","progress","leo","duration_in_seconds","finished","recorded_date","age","gend","aian","asian","black","nhpi","white","ethnicity","year_position","year_field","ooas1","ooas2","ooas3","ooas4","ooas5","ooas6","narrcb1","narrcb2","narrcb3","narrcb4","mhl1","mhl2","mhl3","mhl4","burnout1","burnout2","burnout3","burnout4","burnout5","burnout6","burnout7","burnout8","burnout9"
"1605",NA,NA,1,878,NA,"2022-06-17T11:38:52Z",22,NA,"0","0","0","0","White",NA,2,3,3,3,2,NA,2,4,3,3,2,NA,4,2,2,2,6,6,5,4,5,6,5,NA,1
"1005",2,100,0,782,TRUE,"2022-01-20T19:38:47Z",22,"Man","0","0","0","0","White","Non-Hispanic",0,5,4,NA,3,3,1,4,3,2,3,1,5,NA,5,5,NA,7,7,7,NA,6,6,6,6
"1540",3,100,1,1493,NA,"2022-05-30T12:58:46Z",NA,NA,"0","0","0",NA,NA,NA,2,NA,NA,2,NA,2,NA,3,2,NA,2,3,2,2,4,4,2,1,1,2,1,1,7,NA,7
"1853",4,100,1,NA,TRUE,"2022-11-10T02:20:23Z",61,"Man","0","0","0","0",NA,"Non-Hispanic",9,11,2,NA,2,2,2,NA,3,3,3,3,3,NA,4,4,2,NA,2,2,NA,NA,5,6,5
"863",5,100,0,715,TRUE,NA,52,"Man","0",NA,"0","0","White","Non-Hispanic",NA,1,NA,NA,1,NA,NA,NA,1,1,1,NA,1,NA,5,5,5,4,NA,1,1,1,3,4,4
"1137",6,100,NA,1087,NA,NA,37,"Man","0","0","0","0","White","Non-Hispanic",NA,NA,3,2,2,2,2,4,2,3,1,NA,4,1,4,4,4,2,2,5,NA,2,4,2,2
"94",7,NA,NA,728,TRUE,"2021-04-23T13:07:51Z",21,"Man","0","0","0",NA,"White","Non-Hispanic",NA,NA,1,2,2,2,1,4,2,NA,2,2,2,1,5,5,3,NA,1,1,1,1,7,5,7
"583",8,100,1,1592,NA,"2022-08-29T13:18:15Z",NA,"Woman","0","0","0","0","0","Non-Hispanic",4,3,2,2,1,2,2,4,2,2,1,2,3,NA,5,4,5,5,NA,5,1,1,2,4,NA
"1663",9,100,1,748,NA,"2022-07-11T15:06:20Z",49,"Woman","0",NA,"0","0","White","Non-Hispanic",7,11,NA,2,NA,3,1,4,2,NA,NA,1,3,2,4,3,2,2,NA,2,1,2,NA,6,NA
"1554",10,100,1,632,TRUE,"2022-06-01T09:15:48Z",22,"Man","0","0","0","0","White","Non-Hispanic",0,4,2,3,4,NA,NA,4,2,2,NA,2,4,4,4,4,NA,7,6,6,6,6,6,6,6
"1973",11,100,1,712,TRUE,"2022-12-16T12:35:19Z",NA,"Man","0","0",NA,"0","White","Non-Hispanic",2,2,NA,NA,NA,NA,4,4,3,3,1,4,5,2,3,2,7,7,5,7,NA,1,2,4,2
"1163",12,100,0,828,TRUE,"2022-09-02T18:23:51Z",25,"Man","0","0","0","0",NA,"Non-Hispanic",NA,3,2,2,2,NA,NA,3,3,3,NA,3,3,1,4,3,1,NA,1,1,2,1,6,5,NA
"49",13,100,1,NA,NA,"2021-03-10T14:28:33Z",NA,NA,"0","0","0","0","White","Non-Hispanic",NA,35,3,3,2,3,NA,NA,NA,3,3,2,3,1,NA,4,3,3,3,7,3,2,2,NA,5
"1369",NA,NA,1,670,TRUE,"2022-05-10T18:18:46Z",35,"Man","0","0",NA,"0","White",NA,NA,NA,2,NA,2,4,2,2,3,3,NA,2,NA,3,2,2,1,4,3,3,2,4,3,2,5
"865",15,100,0,552,TRUE,"2021-05-10T14:11:51Z",21,"Man","0","0","0","0","White","Non-Hispanic",7,15,NA,2,2,2,2,NA,3,3,NA,2,3,2,4,NA,3,4,1,2,1,1,NA,4,4
"829",NA,100,0,594,TRUE,"2020-12-09T15:25:04Z",22,"Woman","0","0","0","0","White","Non-Hispanic",1.5,2,3,2,1,3,2,3,4,4,3,NA,5,3,2,NA,5,NA,1,4,1,1,3,7,7
"380",17,100,1,NA,TRUE,"2022-04-14T14:19:57Z",54,NA,"0","0","0","0","White","Non-Hispanic",NA,29,2,2,2,3,2,3,3,3,3,3,3,2,4,4,2,2,2,7,2,1,3,4,4
"534",18,NA,1,1098,NA,NA,27,"Woman","0","0","0","0","White","Non-Hispanic",5,5,3,2,4,3,4,3,2,3,4,2,NA,4,4,5,3,4,NA,4,2,NA,6,NA,NA
"455",19,100,1,910,TRUE,"2022-07-14T18:12:13Z",NA,NA,"0",NA,"0","0","White","Non-Hispanic",0,0,NA,2,3,2,3,NA,3,3,2,2,NA,4,3,3,2,NA,1,NA,1,NA,2,5,6
"1781",20,100,1,968,TRUE,"2022-10-14T16:59:01Z",38,"Man",NA,"0",NA,"0","White","Non-Hispanic",NA,13,2,3,1,3,2,3,4,4,4,4,3,3,NA,3,2,2,2,2,2,1,2,3,4
"800",21,100,1,1408,TRUE,"2022-12-01T14:19:56Z",37,"Man","0","0",NA,"Hawaiian/ Pacific Islander","0",NA,NA,10,3,2,NA,NA,NA,3,3,3,2,NA,2,2,5,5,5,5,4,5,NA,NA,4,NA,3
"506",22,100,1,976,TRUE,NA,NA,"Man",NA,"0","0","0","White","Non-Hispanic",3.5,3.5,2,2,2,3,2,3,3,3,NA,2,2,2,NA,4,3,2,1,4,1,1,3,4,2
"280",23,100,1,1276,TRUE,"2021-12-09T16:20:58Z",43,"Man","0","0","0",NA,"White","Non-Hispanic",2,NA,NA,NA,NA,3,NA,3,2,NA,3,2,3,2,4,4,4,4,3,7,2,1,NA,6,2
"1111",24,NA,0,982,TRUE,NA,44,"Man","0",NA,"0","0",NA,"Non-Hispanic",9,NA,2,NA,2,3,2,3,NA,2,NA,2,3,2,4,NA,1,1,1,1,1,1,6,6,6
"1566",25,100,1,676,NA,"2022-06-01T20:32:46Z",22,"Man","0","0","0","0",NA,NA,3,NA,3,4,2,3,2,4,2,3,2,2,4,NA,NA,4,7,7,7,7,1,1,NA,7,7
"1956",26,100,NA,1096,TRUE,"2022-12-13T16:13:26Z",NA,"Woman","0","0","0","0","White",NA,0,0,NA,1,2,2,2,4,3,3,2,2,3,2,3,4,5,5,NA,3,1,1,NA,NA,5
"1867",27,100,1,5724,TRUE,NA,NA,NA,"0","0","0","0","White",NA,1.5,6,3,2,1,2,2,4,NA,3,3,3,1,1,5,5,4,1,2,3,NA,NA,NA,7,7
"146",28,100,1,761,TRUE,"2021-09-14T14:09:07Z",28,"Man","0","0","0","0",NA,"Non-Hispanic",1,NA,NA,4,4,4,2,4,4,4,NA,4,2,NA,5,5,NA,1,NA,1,1,1,2,2,2
"1224",29,100,NA,474,TRUE,"2022-03-10T19:47:28Z",30,"Woman","0","0","0","0","White","Non-Hispanic",2,NA,1,1,1,1,1,1,1,1,1,1,3,3,3,NA,NA,7,7,7,7,NA,7,7,7
"1696",30,100,1,1472,TRUE,"2022-07-28T15:53:30Z",44,NA,NA,"0","0","0","White","Non-Hispanic",7,20,3,2,2,2,2,3,2,3,3,3,3,2,NA,3,4,1,2,2,1,NA,NA,NA,NA
"2003",31,100,1,974,TRUE,"2022-12-18T17:19:22Z",NA,"Man","0","0","0","0","White","Non-Hispanic",2,21,NA,3,2,3,2,3,NA,NA,NA,NA,4,4,NA,4,7,7,7,7,3,NA,NA,4,NA
"1664",NA,100,NA,NA,TRUE,"2022-07-11T16:25:54Z",NA,"Man","0",NA,NA,"0","White","Non-Hispanic",4,8,NA,1,1,3,1,4,1,1,NA,NA,1,NA,NA,5,1,1,1,1,1,1,1,NA,7
"934",33,NA,NA,727,TRUE,"2021-09-22T14:14:12Z",NA,"Man","0","0",NA,"0","White","Non-Hispanic",11,20,NA,3,2,3,2,3,4,NA,NA,2,3,3,3,3,4,4,2,2,1,1,2,3,3
"285",34,100,1,1352,TRUE,"2021-12-09T16:27:07Z",48,"Man","0","0","0","0","White","Non-Hispanic",20,NA,NA,2,2,3,1,4,3,2,2,2,NA,1,NA,5,6,2,1,2,1,1,7,7,NA
"1127",35,NA,0,6080,NA,"2022-08-05T19:54:41Z",28,"Man","0",NA,"0","0","White","Non-Hispanic",4,7,3,NA,2,NA,2,3,3,2,NA,2,2,2,NA,4,1,1,2,1,1,1,6,7,7
"855",36,100,0,920,NA,"2021-01-27T14:55:47Z",47,"Woman","Native American/ Alaskan","0","0","0","White",NA,1,17,1,1,1,1,1,4,2,2,2,NA,4,NA,NA,5,6,4,2,5,NA,NA,7,7,7
"522",37,100,1,NA,TRUE,"2022-08-22T13:18:52Z",34,"Man","0","0","0","0","White","Non-Hispanic",5,5,4,4,NA,NA,4,3,4,4,4,4,3,NA,NA,3,4,4,4,NA,1,1,1,NA,2
"870",NA,100,0,NA,NA,"2021-05-10T14:19:03Z",NA,"Man",NA,"0","0","0","White","Non-Hispanic",3,31,2,2,2,2,2,3,2,2,2,2,3,2,3,4,4,5,4,7,1,2,2,3,2
"1246",NA,100,NA,1016,TRUE,NA,44,"Man",NA,NA,"0","0",NA,"Non-Hispanic",NA,22,1,1,2,2,1,NA,1,1,1,1,2,1,4,5,2,2,NA,NA,1,2,4,5,6
"742",40,100,NA,1186,TRUE,"2022-11-04T14:26:52Z",37,"Man","0","0","0","0","White","Non-Hispanic",0,2,4,1,2,2,2,4,2,2,2,2,2,1,NA,5,NA,2,2,4,1,2,3,2,2
"475",41,100,1,611,TRUE,"2022-08-01T13:11:14Z",NA,"Man","0",NA,"0","0","White","Non-Hispanic",22,22,2,2,NA,NA,4,3,4,NA,3,4,2,NA,NA,2,7,7,5,5,NA,4,4,NA,4
"1081",42,100,0,989,TRUE,"2022-04-18T14:49:00Z",46,"Man","0","0","0",NA,"White","Non-Hispanic",NA,10,3,1,1,3,2,NA,3,3,2,3,2,5,4,4,3,2,2,4,2,2,4,3,NA
"674",43,100,1,NA,TRUE,"2022-10-12T13:19:16Z",NA,"Man","0","0","0","0","White","Non-Hispanic",NA,3,3,2,2,3,2,3,NA,3,2,2,4,2,2,4,4,4,2,5,5,4,2,NA,5
"925",44,100,0,NA,TRUE,"2021-07-21T14:55:50Z",50,NA,"0",NA,"0","0","White","Non-Hispanic",20,30,NA,3,NA,3,NA,3,4,NA,4,2,2,2,4,4,2,2,2,5,1,1,3,3,NA
"830",45,100,0,1052,TRUE,"2020-12-09T15:25:39Z",30,"Woman","0","0",NA,NA,NA,"Non-Hispanic",0,0,2,3,NA,2,2,4,2,3,NA,2,3,3,NA,3,1,7,NA,1,1,1,1,7,7
"73",46,NA,1,NA,TRUE,"2021-03-12T17:04:45Z",NA,NA,"0",NA,"0","0","White","Non-Hispanic",3,21,4,2,NA,4,4,3,4,4,4,4,3,2,4,4,2,2,2,NA,1,NA,5,5,5
"1959",47,100,1,976,TRUE,"2022-12-13T20:39:02Z",37,"Man",NA,"0","0","0","White","Non-Hispanic",0,NA,1,3,3,3,1,4,2,3,2,1,1,2,4,4,2,1,1,NA,1,NA,6,6,6
"1448",48,100,NA,1245,TRUE,"2022-05-19T12:42:43Z",52,"Man",NA,"0","0",NA,"White","Non-Hispanic",6,26,2,2,2,2,2,3,2,3,2,2,3,1,4,4,6,5,NA,4,3,NA,5,5,7
"659",49,100,1,862,NA,NA,44,"Man","0","0","African American / Black","0",NA,NA,NA,NA,3,3,3,3,3,3,3,3,NA,NA,3,3,3,3,4,4,4,4,4,1,NA,4,3
"392",50,100,1,NA,TRUE,NA,NA,"Man","0",NA,"0","0","White","Non-Hispanic",0,0,2,NA,3,3,2,NA,3,NA,2,2,4,1,5,5,1,NA,1,NA,1,1,6,7,7
"1082",51,100,0,1217,TRUE,"2022-04-18T14:52:40Z",35,NA,"0","0","0","0","White","Non-Hispanic",7,13,3,2,2,3,2,NA,3,3,3,2,4,2,3,4,2,2,1,1,1,NA,3,6,NA
"1874",NA,100,NA,1072,TRUE,"2022-11-19T06:20:30Z",23,"Man","0","0","0","0","White","Non-Hispanic",1,3,3,2,1,4,NA,4,4,NA,NA,NA,4,NA,3,3,2,3,2,NA,1,2,1,NA,NA
"1795",53,100,1,1721,TRUE,"2022-10-19T19:43:13Z",56,NA,"0","0",NA,"0",NA,"Non-Hispanic",1,38,1,2,1,2,NA,4,2,2,NA,2,2,2,NA,4,NA,1,1,1,1,1,4,7,7
"410",NA,100,1,1724,TRUE,NA,35,"Man","0","0",NA,"0","0","Non-Hispanic",1,9,2,2,2,2,2,3,2,3,NA,2,2,NA,5,5,NA,2,NA,2,1,1,2,2,NA
"158",55,100,1,714,TRUE,NA,28,"Man","0",NA,"0","0",NA,"Non-Hispanic",NA,3,3,2,2,3,3,3,4,4,3,3,2,2,4,4,4,2,2,2,2,NA,4,4,4
"50",56,100,1,NA,TRUE,"2021-03-10T14:30:26Z",23,"Woman",NA,"0",NA,"0","White",NA,NA,2.5,4,2,2,NA,2,4,4,4,3,2,4,4,4,NA,2,2,2,4,1,1,1,5,NA
"1667",57,NA,1,7668,TRUE,NA,33,"Man","0","0",NA,NA,"White",NA,4,NA,1,NA,1,3,1,NA,1,1,NA,1,3,3,5,4,2,1,1,1,NA,1,5,7,NA
"761",NA,100,1,809,NA,"2022-11-14T14:07:52Z",57,"Man","0","0","0",NA,NA,"Non-Hispanic",NA,30,NA,2,2,3,3,3,NA,2,2,2,NA,NA,NA,4,2,2,1,2,1,1,1,3,3
"1841",59,100,1,1321,TRUE,NA,25,"Man","0","0","0","0",NA,NA,0,NA,NA,NA,2,3,2,NA,4,3,3,NA,3,NA,4,NA,2,NA,1,1,1,1,7,7,5
"883",60,NA,0,632,TRUE,"2021-07-07T14:09:43Z",29,"Man","0","0","0","0",NA,NA,5,6,3,NA,3,NA,NA,3,3,3,3,3,NA,2,NA,4,1,1,2,2,1,1,5,7,NA
"330",61,NA,1,1356,TRUE,NA,NA,NA,"0","0","0","0","White","Non-Hispanic",25,25,NA,NA,NA,NA,4,4,3,2,3,4,NA,2,5,NA,6,5,2,7,2,2,6,NA,7
"718",62,100,1,795,TRUE,"2022-10-26T13:12:29Z",NA,"Woman","0","0","0","0","White","Hispanic",NA,NA,2,2,1,NA,2,4,2,2,NA,2,NA,1,5,5,NA,4,4,4,1,2,4,4,4
"606",63,100,1,984,TRUE,NA,NA,NA,NA,"0","African American / Black","0","0","Non-Hispanic",0,17,3,2,2,2,2,4,3,2,2,2,3,NA,3,3,4,NA,4,NA,4,4,1,4,2
"2058",64,NA,1,877,TRUE,"2022-12-27T17:03:39Z",NA,"Woman",NA,"0",NA,NA,"White","Non-Hispanic",NA,20,2,2,2,3,2,4,2,3,2,2,NA,2,4,4,4,2,2,2,1,1,NA,4,6
"467",65,100,1,1196,TRUE,"2022-07-20T13:22:03Z",24,"Man","0","0","0","0","White","Hispanic",0,1,3,NA,3,4,2,4,NA,3,2,3,3,NA,NA,5,4,4,3,2,1,1,5,2,7
"748",66,100,1,781,TRUE,NA,NA,"Woman",NA,NA,"0","0","White","Non-Hispanic",0,NA,2,2,2,2,NA,NA,3,NA,2,2,3,2,4,5,2,1,1,1,NA,1,1,1,1
"265",NA,100,1,485,TRUE,"2021-12-09T16:09:41Z",NA,"Man","0","0","0","0",NA,"Non-Hispanic",NA,0,NA,2,NA,2,2,4,NA,3,3,1,NA,4,4,4,5,5,NA,5,5,6,6,6,5
"80",68,NA,1,1819,NA,"2021-03-12T21:35:15Z",NA,"Man","0","0","0","0","White","Non-Hispanic",3,3,2,2,2,3,2,3,NA,3,3,NA,NA,2,4,2,1,1,1,NA,1,1,1,5,5
"532",NA,100,1,1004,NA,NA,NA,"Man","0","0","0","0","White","Non-Hispanic",2,NA,3,NA,2,4,NA,2,3,NA,2,4,3,NA,NA,4,4,NA,NA,4,2,NA,4,4,NA
"505",70,100,1,973,TRUE,NA,30,"Man","0","0","0","0","White",NA,2,2,4,1,1,3,1,4,1,NA,1,1,1,NA,4,5,4,1,2,2,1,1,6,4,3
"1590",71,100,1,745,NA,"2022-06-14T11:30:24Z",52,"Man","0","0","0",NA,"White","Hispanic",14,20,2,2,2,2,2,3,3,3,2,NA,4,3,NA,3,5,5,3,2,2,1,1,1,1
"173",72,100,1,NA,TRUE,"2021-09-16T14:20:17Z",37,"Man","0","0",NA,"0",NA,NA,14,NA,NA,2,2,NA,2,3,3,3,3,2,NA,2,4,4,2,NA,2,2,1,1,NA,2,3
"877",NA,100,0,909,TRUE,"2021-06-16T18:10:08Z",46,"Man","0","0","0","0","White","Non-Hispanic",5,25,NA,NA,NA,NA,2,4,2,2,3,3,3,NA,5,4,2,3,2,2,1,NA,2,6,6
"22",74,100,1,822,TRUE,"2020-12-18T18:20:23Z",NA,"Man","0","0","0","0","White","Non-Hispanic",0,7,2,2,2,NA,2,NA,2,NA,2,2,3,3,NA,NA,2,2,1,1,1,1,4,NA,5
"46",75,100,NA,NA,TRUE,NA,34,"Nonbinary","0",NA,NA,"0","0","Non-Hispanic",0,13,4,3,3,4,2,3,3,2,3,NA,1,1,1,1,1,1,1,NA,NA,1,1,NA,1
"750",NA,100,1,997,TRUE,"2022-11-10T14:14:28Z",31,"Man","0","0",NA,"0","0","Non-Hispanic",2,NA,2,2,2,2,2,NA,2,2,NA,2,2,2,4,4,1,NA,1,2,1,1,1,NA,5
"326",NA,100,NA,907,TRUE,"2022-02-08T15:12:15Z",41,NA,"0","0","0","0","White","Non-Hispanic",0,20,3,NA,3,3,2,4,3,2,2,2,2,2,4,5,2,2,2,2,NA,2,3,3,4
"695",78,100,1,1265,NA,"2022-10-14T13:17:27Z",25,"Man","0",NA,NA,"0","White",NA,0,0,2,1,2,3,2,4,1,1,2,1,2,1,5,5,4,5,1,NA,1,1,NA,5,5
"418",79,NA,1,1561,FALSE,"2022-05-19T14:28:39Z",45,"Man","Native American/ Alaskan","0","0","0","0","Non-Hispanic",20,20,2,2,NA,2,2,NA,NA,2,2,2,3,3,3,3,NA,NA,NA,NA,NA,NA,NA,NA,NA
"383",80,100,1,NA,TRUE,"2022-04-14T14:23:22Z",46,"Man","0",NA,NA,"0",NA,"Non-Hispanic",6,NA,2,2,2,3,NA,3,2,2,NA,2,NA,1,4,5,2,NA,3,2,1,1,5,6,7
"424",81,100,1,960,TRUE,NA,NA,"Man","0","0","0","0",NA,"Non-Hispanic",17,19,3,3,1,NA,2,3,3,3,2,2,NA,2,NA,4,2,2,2,2,1,1,2,4,2
"1088",82,100,0,688,NA,"2022-04-21T14:48:53Z",NA,NA,"0",NA,"0","0","White","Non-Hispanic",3,10,3,2,2,3,NA,3,NA,3,3,2,3,3,NA,3,2,NA,NA,1,NA,1,3,NA,2
"56",83,100,NA,798,TRUE,"2021-03-10T21:23:22Z",32,NA,"0","0","0","0","White","Non-Hispanic",4,4,4,3,2,4,2,NA,1,1,1,4,NA,1,5,4,NA,1,1,2,1,1,2,6,5
"1624",84,100,1,NA,TRUE,"2022-06-25T21:32:34Z",24,"Man","0","0","0","0","White","Non-Hispanic",1,2,NA,2,2,3,2,3,3,NA,NA,NA,2,NA,4,4,2,2,2,2,NA,1,5,7,7
"32",85,100,1,879,NA,NA,24,"Woman","0","0",NA,NA,"White","Non-Hispanic",0,0,3,2,2,3,2,3,3,3,3,3,NA,2,NA,NA,2,1,NA,NA,NA,1,4,5,4
"1676",86,100,1,1093,TRUE,NA,51,"Man","0",NA,"0","0",NA,"Hispanic",14,14,2,2,2,2,2,3,2,NA,2,2,1,NA,1,1,1,NA,1,1,1,1,NA,1,1
"900",87,100,NA,549,TRUE,"2021-07-12T14:43:09Z",30,"Man",NA,"0","0","0","White",NA,3,NA,1,2,NA,NA,2,3,3,3,3,3,4,NA,NA,4,4,4,1,2,1,1,4,3,3
"645",88,100,1,1258,TRUE,"2022-10-03T13:20:41Z",50,"Man","0","0","0","0","White","Non-Hispanic",25,NA,3,3,1,3,2,3,3,3,2,3,3,3,NA,3,7,NA,6,7,NA,NA,6,4,4
"638",89,100,1,688,TRUE,"2022-10-03T13:07:04Z",34,NA,NA,"0","0","0","White","Non-Hispanic",2,10,3,2,2,3,2,3,3,3,2,3,2,4,2,4,4,NA,4,5,NA,1,4,5,5
"821",90,100,0,665,TRUE,"2020-12-09T15:19:14Z",39,"Woman","0",NA,"0",NA,NA,NA,2,2,3,NA,2,NA,2,4,2,2,1,2,NA,3,3,3,2,2,2,NA,1,1,2,3,2
"1449",91,100,NA,600,TRUE,"2022-05-19T13:18:25Z",45,NA,"0","0","0","0","White","Non-Hispanic",NA,5,4,2,2,2,NA,4,2,2,2,2,3,1,5,5,NA,2,1,2,1,NA,7,6,4
"1189",92,NA,0,NA,TRUE,"2022-09-23T18:18:07Z",34,"Man","0","0",NA,"0","White","Non-Hispanic",8,12,1,1,NA,3,1,3,2,2,2,NA,2,2,4,4,2,2,1,1,2,1,2,2,2
"62",93,100,NA,1194,TRUE,"2021-03-10T21:30:02Z",58,"Woman",NA,"0","0","0","White","Non-Hispanic",0,5.5,4,1,2,2,1,4,2,NA,1,NA,NA,1,5,5,4,2,NA,2,1,1,6,7,7
"1405",94,NA,1,16848,TRUE,"2022-05-16T19:08:09Z",NA,NA,"0","0","0","0","White","Non-Hispanic",0,2,NA,2,3,NA,4,4,2,2,2,2,2,2,2,2,NA,NA,NA,NA,NA,NA,NA,NA,NA
"966",95,100,0,654,TRUE,"2021-10-07T18:28:58Z",19,"Woman","0","0",NA,"0","White",NA,0,0,2,2,NA,2,NA,NA,3,3,2,2,3,1,4,5,2,NA,2,2,NA,1,2,2,6
"255",96,NA,1,979,NA,"2021-12-07T16:18:31Z",26,"Man","0","0",NA,"0","White","Non-Hispanic",3,3,3,2,2,3,3,NA,NA,3,NA,3,2,3,3,NA,4,4,NA,2,NA,4,NA,NA,4
"2074",NA,100,1,3441,TRUE,"2022-12-29T15:19:59Z",NA,"Man","0","0","0","0","White","Non-Hispanic",0,19,1,1,3,3,NA,4,NA,1,1,NA,4,2,3,NA,1,1,1,2,2,1,5,NA,7
"1875",98,96,1,5550,FALSE,"2022-11-20T19:21:02Z",NA,"Woman",NA,"0","0","0","White","Non-Hispanic",1,4,3,NA,2,NA,2,4,3,NA,2,3,3,2,4,NA,NA,NA,NA,NA,NA,NA,NA,NA,NA
"1591",99,NA,1,438,TRUE,"2022-06-14T17:23:23Z",37,"Woman","0","0","0","0","White","Non-Hispanic",6,NA,3,1,1,3,2,4,NA,2,2,2,4,2,2,5,NA,4,NA,NA,NA,2,2,6,4
"199",NA,NA,NA,1498,TRUE,"2021-10-01T22:58:57Z",46,"Man","0","0",NA,NA,"White","Non-Hispanic",14,23,1,1,2,3,3,4,2,2,2,1,3,2,4,4,4,2,2,2,2,1,6,5,5
"495",NA,100,1,NA,TRUE,"2022-08-03T13:25:08Z",NA,"Man","0","0","0","0",NA,NA,1,NA,2,NA,2,2,NA,NA,2,3,2,2,2,1,4,4,NA,2,NA,NA,NA,1,7,6,NA
"1281",102,100,1,1937,TRUE,NA,NA,"Man","0",NA,"0","0","White","Non-Hispanic",9,9,3,3,3,4,3,NA,NA,3,3,2,3,2,4,NA,3,2,4,6,1,NA,3,5,6
"1180",103,100,0,NA,TRUE,"2022-09-23T14:21:40Z",NA,"Man","0","0","African American / Black",NA,NA,"Non-Hispanic",3,5,NA,1,2,NA,1,3,3,2,2,NA,2,5,4,4,4,6,5,NA,NA,1,2,2,5
"598",104,100,1,1050,NA,"2022-08-31T13:21:34Z",42,NA,"0","0",NA,NA,"White","Non-Hispanic",12,12,4,2,2,3,NA,3,3,NA,NA,2,3,1,4,4,4,5,4,7,2,1,2,2,NA
"582",NA,100,1,1127,TRUE,NA,34,"Man","0","0","African American / Black","0",NA,"Non-Hispanic",1,1,NA,2,2,3,2,3,3,2,2,3,2,2,4,4,2,2,2,3,2,NA,3,3,4
"1504",106,100,1,NA,TRUE,"2022-05-25T12:29:20Z",31,"Man","0","0","0",NA,NA,"Non-Hispanic",1,1,2,2,2,NA,2,3,2,2,2,2,3,1,5,5,NA,1,NA,1,1,1,1,7,NA
"1800",107,100,NA,NA,NA,"2022-10-22T16:20:47Z",35,NA,NA,"0","0",NA,"White",NA,1,6,2,2,NA,2,NA,NA,3,3,2,NA,3,NA,4,3,NA,3,1,5,1,1,6,6,NA
"1135",108,100,0,819,TRUE,"2022-09-01T14:16:57Z",31,"Man","0","0",NA,NA,"White","Non-Hispanic",NA,5,1,1,2,2,1,4,1,1,NA,1,NA,1,5,5,3,1,NA,4,1,2,7,7,NA
"1245",109,100,1,1139,TRUE,"2022-04-16T03:36:03Z",38,"Woman","0","0","0",NA,"White",NA,4,4,2,1,1,3,2,NA,NA,2,2,1,2,1,5,4,NA,2,2,2,1,1,5,5,6
"2073",NA,100,1,1040,TRUE,"2022-12-29T14:48:46Z",50,"Woman","0","0","African American / Black","0","0","Non-Hispanic",2,NA,3,2,2,2,2,3,3,2,2,3,NA,1,4,4,4,4,NA,NA,1,1,7,NA,7
"1032",NA,100,0,731,TRUE,"2022-02-16T15:20:37Z",33,"Man","0","0","0","0","White",NA,1,11,3,NA,2,2,2,NA,NA,2,2,NA,2,1,4,4,2,2,1,2,1,NA,NA,3,NA
"89",NA,100,1,1076,TRUE,"2021-04-15T13:52:18Z",33,"Woman","0","0","African American / Black",NA,NA,"Non-Hispanic",NA,NA,2,2,1,3,2,4,3,2,2,2,3,2,5,4,4,NA,3,4,1,1,6,NA,7
"1519",113,100,1,1106,NA,NA,52,"Man","0","0","0","0",NA,"Hispanic",14,14,3,2,2,3,2,3,3,3,3,3,NA,2,4,4,7,7,6,2,1,1,1,1,1
"2044",NA,100,1,1251,TRUE,"2022-12-24T13:20:30Z",28,"Woman",NA,"0","0","0","White","Non-Hispanic",NA,5,NA,2,2,3,1,4,1,1,1,1,2,1,5,5,NA,1,NA,1,1,NA,NA,NA,5
"337",115,NA,NA,NA,TRUE,"2022-02-08T15:31:52Z",43,NA,"0","0","0","0",NA,"Non-Hispanic",20,20,2,3,3,NA,NA,3,3,2,2,2,4,2,4,4,2,2,3,5,2,1,3,5,5
"82",116,98,1,696,FALSE,"2021-03-17T14:20:38Z",44,NA,"0","0","0","0","White","Hispanic",4,4,1,1,NA,1,1,4,1,1,NA,NA,1,1,5,5,NA,NA,NA,NA,NA,NA,NA,NA,NA
"228",117,100,1,1547,NA,"2021-11-16T22:13:01Z",53,NA,"0","0",NA,NA,NA,"Non-Hispanic",14,27,1,1,NA,1,1,4,NA,NA,1,1,3,NA,3,NA,2,2,2,2,2,2,6,6,NA
"194",118,100,1,1124,TRUE,"2021-10-01T22:50:40Z",NA,"Woman","0","Asian","0","0","0","Non-Hispanic",8,8,3,NA,NA,3,3,3,4,4,3,3,3,1,4,4,NA,2,2,NA,2,2,2,2,6
"399",119,100,1,4813,TRUE,"2022-05-10T15:21:41Z",38,"Man","0","0","0","0",NA,"Non-Hispanic",0,15,2,2,2,2,NA,4,2,2,2,2,2,NA,4,4,2,2,1,NA,1,1,1,4,3
"1035",120,100,0,943,TRUE,"2022-02-16T15:22:56Z",53,"Nonbinary","0","0","0","0",NA,"Non-Hispanic",NA,34,2,2,1,4,2,3,3,NA,3,3,NA,NA,NA,5,5,5,1,3,NA,NA,1,5,4
"1601",121,NA,1,1976,TRUE,"2022-06-16T06:06:00Z",22,"Woman",NA,NA,"0",NA,"White","Non-Hispanic",2,2,3,NA,1,NA,2,4,3,NA,1,1,2,1,5,4,7,7,7,7,5,1,NA,6,NA
"1009",122,100,0,564,TRUE,"2022-02-08T16:16:48Z",26,"Man","0",NA,"0","0","White","Non-Hispanic",NA,NA,3,NA,NA,3,2,1,3,3,2,2,1,1,5,NA,2,2,3,2,1,1,5,4,NA
"663",123,NA,1,1167,TRUE,NA,36,"Man","0","0","African American / Black",NA,"0","Non-Hispanic",12,12,3,3,1,3,3,3,4,4,4,NA,3,2,4,3,7,7,6,5,1,NA,1,6,6
"525",NA,NA,1,1219,TRUE,"2022-08-22T13:24:29Z",24,"Man","0",NA,NA,"0","White","Non-Hispanic",2,2,3,2,2,3,2,3,2,2,2,2,4,2,4,NA,3,4,4,7,5,5,4,3,NA
"958",NA,100,NA,NA,NA,"2021-09-27T15:22:29Z",52,"Man","0","0",NA,"0","White","Non-Hispanic",8,NA,3,2,NA,3,2,NA,2,2,2,2,NA,2,4,4,4,4,4,2,1,1,5,6,6
"888",126,100,0,887,TRUE,NA,38,"Man","0","0","0","0","White","Non-Hispanic",13,13,1,2,NA,2,1,4,NA,NA,NA,1,3,2,3,4,NA,3,7,6,NA,1,1,3,3
"1969",NA,NA,NA,1169,TRUE,"2022-12-15T18:20:32Z",NA,"Man","0","0","0","0","White","Non-Hispanic",4,16,2,2,2,NA,2,3,3,2,2,3,2,2,4,4,5,4,4,4,NA,NA,3,4,2
"833",128,NA,0,NA,NA,"2020-12-09T15:32:28Z",NA,"Woman","0","0","African American / Black","0","White","Non-Hispanic",2,2,NA,3,NA,NA,2,NA,NA,2,3,1,NA,2,4,4,NA,NA,NA,3,1,NA,1,7,NA
"1612",129,100,1,NA,NA,"2022-06-22T14:44:50Z",NA,NA,"0","0",NA,"0","White",NA,2,NA,NA,3,2,3,2,3,3,3,3,2,4,2,4,4,2,NA,NA,2,1,1,2,4,2
"998",130,100,NA,857,TRUE,NA,45,"Man","0",NA,NA,"0","White","Non-Hispanic",2,2,4,2,1,NA,3,3,3,4,3,3,NA,2,4,NA,1,1,1,1,1,1,1,NA,4
"142",131,NA,1,656,NA,"2021-09-14T14:06:22Z",48,"Man","0","0","0","0","White","Non-Hispanic",4,NA,1,3,3,4,3,NA,NA,3,NA,4,4,2,4,NA,NA,NA,2,7,4,NA,4,NA,2
"1547",NA,100,1,4905,TRUE,"2022-06-01T01:25:47Z",36,"Man","0","0","African American / Black","0","0","Non-Hispanic",1,11,NA,1,1,2,NA,NA,2,2,2,1,2,1,5,5,NA,4,2,NA,1,NA,4,7,7
"348",133,100,NA,NA,TRUE,NA,25,"Man","0","0",NA,"0","White","Non-Hispanic",3,3,3,2,2,3,2,3,3,NA,2,NA,2,1,4,5,2,2,2,4,NA,1,NA,2,2
"667",NA,100,1,1710,TRUE,"2022-10-06T13:27:27Z",35,"Man",NA,"0","African American / Black","0","0","Non-Hispanic",6,6,3,2,2,NA,2,NA,NA,3,1,NA,NA,NA,4,4,6,6,4,4,1,1,2,4,4
"1695",NA,100,1,1007,NA,"2022-07-26T20:07:44Z",28,"Man","0","0","0","0",NA,"Non-Hispanic",NA,1,3,NA,2,2,2,3,NA,2,NA,3,NA,2,4,NA,1,1,NA,NA,1,NA,1,1,1
"349",136,NA,NA,821,TRUE,"2022-03-29T14:11:23Z",32,"Man","0",NA,"0",NA,"0","Non-Hispanic",2,7,3,3,2,3,2,3,3,3,3,3,3,3,3,NA,2,NA,2,2,2,NA,2,NA,NA
"10",137,100,1,856,NA,"2020-12-17T18:19:10Z",25,"Man","0","0","0","0","White",NA,3,NA,NA,2,NA,2,1,4,NA,3,2,2,2,2,4,4,4,4,3,NA,1,NA,NA,4,NA
"1630",138,100,1,870,TRUE,"2022-06-29T17:20:43Z",35,"Man",NA,"0",NA,"0",NA,"Non-Hispanic",5,5,4,2,NA,NA,2,4,4,4,3,NA,NA,1,5,5,2,1,1,3,1,1,2,4,6
"692",139,100,1,1330,NA,"2022-10-14T13:14:17Z",26,NA,"0","0",NA,"0","White",NA,1,1,3,2,3,3,1,4,NA,NA,1,1,1,1,5,5,5,NA,5,4,1,1,4,NA,5
"1348",140,100,1,NA,TRUE,"2022-05-06T04:43:09Z",49,"Man",NA,"0","0","0","White","Non-Hispanic",12,NA,2,1,1,2,1,4,NA,3,2,2,2,1,4,NA,1,NA,1,1,1,1,1,7,2
"794",141,100,1,1822,TRUE,"2022-11-28T14:33:53Z",46,"Man","0",NA,NA,"0","White","Non-Hispanic",2,23,1,2,1,2,1,4,1,1,1,NA,2,1,NA,5,2,1,1,1,1,NA,2,5,6
"1374",142,100,NA,1473,NA,"2022-05-11T23:01:23Z",32,"Man","0","0",NA,"0","White",NA,6,6,3,NA,2,3,2,4,NA,NA,2,3,2,1,4,4,NA,4,NA,4,2,NA,4,2,NA
"321",143,NA,1,1675,TRUE,"2022-02-01T15:24:15Z",57,"Man","0","0","0","0","White","Non-Hispanic",NA,NA,3,2,2,3,2,3,NA,2,2,2,3,2,4,4,4,2,4,2,1,1,5,4,4
"1293",144,100,1,562,TRUE,NA,27,NA,"0","0","0","0",NA,NA,NA,1,1,1,1,3,1,4,4,3,1,1,3,1,4,4,2,1,2,NA,1,1,5,6,6
"13",145,100,NA,1100,TRUE,"2020-12-17T18:24:52Z",24,"Man","0","0","0","0","White","Non-Hispanic",3,3,NA,2,3,3,2,3,4,4,4,NA,4,NA,4,4,NA,2,1,4,1,1,3,NA,4
"622",146,100,NA,1573,NA,"2022-09-02T13:27:06Z",36,"Man","0",NA,"African American / Black","0","0",NA,12,NA,2,3,3,3,2,3,2,2,2,NA,NA,2,4,4,NA,4,1,1,1,1,4,4,5
"649",147,100,1,1807,TRUE,"2022-10-03T13:28:27Z",31,NA,"0","0","0","0","White","Non-Hispanic",4,4,2,2,2,3,2,3,2,2,2,2,3,1,4,4,4,4,2,1,1,1,NA,3,2
"887",148,NA,NA,787,TRUE,NA,47,"Man","0","0","0","0",NA,NA,14,14,2,2,2,NA,2,3,3,2,2,2,NA,2,3,NA,2,2,NA,1,1,1,3,2,NA
"61",149,100,1,1150,TRUE,"2021-03-10T21:29:30Z",NA,"Man","0","0","0","0","White","Hispanic",5,NA,NA,2,2,3,1,4,3,3,3,NA,2,NA,NA,4,2,2,2,1,1,1,NA,7,4
"813",150,NA,0,NA,TRUE,"2020-09-24T18:23:02Z",73,"Man","0","0","0","0","White","Non-Hispanic",NA,42,NA,3,NA,NA,NA,4,NA,3,2,2,NA,2,4,4,NA,1,NA,NA,2,1,3,NA,5
"1856",151,NA,1,NA,NA,"2022-11-11T21:30:07Z",49,"Man","0","0","0","0","White",NA,1,1,2,2,NA,NA,2,3,3,3,2,3,NA,2,4,4,2,2,2,NA,1,2,2,3,3
"1175",152,NA,0,730,TRUE,"2022-09-23T14:13:40Z",NA,"Man",NA,"0","0","0","White","Hispanic",1.5,5,4,NA,1,3,2,NA,4,4,3,2,4,NA,4,4,NA,2,1,1,1,NA,NA,7,7
"1042",153,100,0,645,TRUE,"2022-02-16T19:42:32Z",26,NA,"0","0",NA,"0","White",NA,3,5,3,3,2,2,2,NA,NA,NA,3,3,2,1,5,5,2,5,NA,NA,1,1,1,7,7
"1014",154,100,NA,724,TRUE,"2022-02-08T16:19:14Z",22,"Woman","0","0","0","0","White","Non-Hispanic",NA,0,3,2,2,3,2,3,2,3,2,NA,NA,1,3,3,2,2,2,1,1,NA,7,NA,5
"1588",155,NA,1,639,TRUE,NA,54,"Man","0",NA,"0","0","White","Non-Hispanic",4,30,2,2,NA,3,NA,NA,2,2,2,2,NA,1,2,4,7,NA,4,4,NA,1,5,6,NA
"1490",156,100,NA,3857,NA,"2022-05-24T14:37:07Z",35,"Man","0","0","0","0","White","Non-Hispanic",3,9,2,2,2,NA,2,4,2,2,2,2,NA,1,4,1,4,2,2,NA,1,1,4,6,6
"529",157,100,1,666,TRUE,"2022-08-24T13:11:36Z",NA,"Man","0","0","0","0","White","Non-Hispanic",3,14.5,4,4,3,3,3,3,NA,NA,3,NA,3,1,4,NA,7,NA,7,5,NA,NA,3,4,1
"425",158,100,1,988,TRUE,NA,27,"Man","0","0","0",NA,"White",NA,1,1,NA,2,2,4,4,3,3,3,NA,NA,2,2,4,4,NA,NA,4,NA,1,1,5,5,NA
"1047",159,100,0,NA,TRUE,"2022-02-16T19:48:55Z",31,"Man",NA,"0","0","0",NA,NA,1,8,3,2,2,2,2,NA,3,NA,NA,2,NA,2,4,4,2,2,2,2,NA,1,NA,NA,4
"369",NA,100,1,1003,TRUE,"2022-04-08T13:44:58Z",31,"Man","0",NA,"0",NA,NA,"Hispanic",8,8,3,3,2,3,2,3,3,3,2,3,3,2,NA,4,2,2,2,NA,2,NA,5,5,5
"661",161,NA,1,1010,NA,"2022-10-06T13:13:48Z",41,"Man","0","0","African American / Black","0","0","Non-Hispanic",NA,5,2,2,1,NA,2,3,2,2,2,2,2,NA,NA,NA,NA,3,2,1,2,2,2,7,5
"1012",162,100,0,631,TRUE,"2022-02-08T16:17:39Z",29,NA,"0",NA,"African American / Black","0","0","Non-Hispanic",NA,0,4,1,NA,NA,NA,4,3,4,3,1,1,NA,5,5,1,2,1,NA,1,1,7,7,7
"1199",NA,100,0,1368,NA,NA,40,"Other (specify):","0",NA,"0","0","0",NA,10,10,3,2,3,3,2,3,3,3,3,NA,3,1,3,4,2,2,NA,3,NA,2,2,2,NA
"986",164,NA,0,NA,NA,"2021-11-16T14:27:26Z",NA,"Man","0","0","0","0","White",NA,6,6,3,2,2,4,3,3,4,3,3,3,1,1,NA,4,1,1,NA,1,1,1,NA,4,4
"916",165,100,NA,1485,TRUE,"2021-07-14T15:13:43Z",50,"Man","0","0",NA,"0","White",NA,22,25,2,2,NA,3,2,3,3,NA,3,2,2,3,3,3,2,NA,1,2,1,NA,5,5,NA
"858",166,100,0,508,TRUE,"2021-04-14T18:31:40Z",30,NA,"0","Asian","0",NA,"0","Non-Hispanic",0,11,2,2,NA,3,2,4,2,2,2,2,3,2,5,5,4,2,1,NA,1,1,6,NA,6
"957",167,100,0,764,TRUE,NA,54,"Man",NA,NA,"0","0","White","Non-Hispanic",15,30,2,2,2,3,2,3,NA,3,3,2,NA,NA,NA,4,2,2,1,2,1,2,6,6,7
"533",168,100,1,972,TRUE,"2022-08-24T13:17:22Z",44,"Man","0","0","0","0",NA,"Non-Hispanic",7,22,NA,2,2,3,2,3,2,2,2,2,NA,2,4,NA,6,6,NA,6,1,1,2,2,NA
"1103",NA,100,0,2175,TRUE,"2022-06-09T14:36:51Z",31,"Woman","0","0","0","0","White","Non-Hispanic",NA,6,1,1,1,3,1,4,3,2,1,1,3,1,4,5,2,NA,NA,2,1,2,4,4,7
"698",NA,NA,NA,1536,TRUE,"2022-10-14T13:28:32Z",58,NA,"0","0","0","0","White","Non-Hispanic",0,NA,2,2,2,2,2,3,2,NA,NA,2,3,3,3,3,NA,3,NA,2,1,2,6,6,5
"191",171,100,NA,NA,TRUE,"2021-10-01T20:12:54Z",46,"Man","0","0","0","0","White","Non-Hispanic",6,NA,3,NA,NA,3,NA,3,NA,3,NA,3,3,3,3,3,2,NA,NA,3,1,NA,1,2,2
"314",NA,100,1,1165,TRUE,"2022-02-01T15:14:20Z",NA,"Man","0","0","0","0","White","Non-Hispanic",NA,13,1,1,1,3,NA,4,2,2,NA,1,3,1,4,4,4,1,1,1,NA,1,4,3,3
"1026",173,100,0,860,NA,NA,40,"Man",NA,"0","0","0","White","Non-Hispanic",13,15,NA,2,2,NA,2,NA,2,2,2,2,2,2,4,4,1,1,1,2,1,1,5,4,4
"1453",174,NA,1,168653,NA,NA,45,NA,"0",NA,"0","0","White","Non-Hispanic",NA,NA,3,2,2,NA,2,3,NA,2,NA,3,3,3,3,NA,2,2,3,2,1,1,3,2,3
"1911",175,NA,1,1733,TRUE,"2022-12-06T20:50:28Z",34,"Woman","0","0","0","0",NA,"Non-Hispanic",NA,10,2,3,1,NA,2,3,4,4,3,4,3,2,3,3,NA,3,2,3,2,1,NA,4,5
"947",NA,100,0,443,TRUE,"2021-09-27T15:13:38Z",NA,"Man","0",NA,"0",NA,"White","Non-Hispanic",1,NA,1,1,1,1,1,4,3,3,2,3,3,2,4,4,3,3,1,1,1,1,1,4,4
"45",177,NA,1,867,TRUE,"2021-03-10T14:22:20Z",41,"Man","0","0","0","0","White","Non-Hispanic",3,NA,3,2,2,NA,3,3,3,NA,3,3,3,2,3,4,4,4,2,1,1,1,5,6,6
"673",178,100,1,1034,TRUE,"2022-10-12T13:18:18Z",45,"Man",NA,"0",NA,"0",NA,"Non-Hispanic",NA,NA,2,2,NA,3,2,NA,3,3,2,2,2,2,4,NA,2,NA,NA,2,1,1,5,7,7
"772",179,100,NA,1460,TRUE,"2022-11-17T19:39:42Z",37,NA,"0",NA,"0",NA,NA,NA,15,15,NA,NA,2,2,2,3,2,NA,2,2,3,3,4,4,2,2,2,NA,1,2,NA,7,7
"1274",180,NA,1,1319,TRUE,"2022-04-29T17:24:21Z",60,"Man","0","0",NA,"0","White","Non-Hispanic",12,37,3,1,1,1,NA,4,1,1,1,1,3,1,5,5,1,1,1,1,7,NA,4,6,6
"1985",NA,NA,NA,2875,TRUE,NA,NA,"Woman","0","0",NA,"0","White","Non-Hispanic",NA,0,1,1,4,1,1,4,4,NA,1,4,3,1,4,NA,NA,1,1,NA,1,1,1,7,4
"1885",182,NA,NA,1120,TRUE,"2022-11-28T20:31:26Z",47,"Man",NA,NA,"0","0","White","Non-Hispanic",0,7,NA,NA,2,NA,NA,3,NA,2,2,NA,3,3,3,3,1,1,1,1,NA,NA,3,3,2
"570",NA,100,1,946,TRUE,"2022-08-29T13:06:48Z",34,"Man","0","0",NA,"0","White","Non-Hispanic",0,110,4,2,2,4,2,3,NA,3,NA,NA,5,NA,NA,2,4,4,NA,5,5,5,3,3,4
"1643",184,100,1,27002,TRUE,"2022-06-30T21:02:40Z",31,"Man","0","0","0",NA,"White","Hispanic",NA,NA,NA,2,NA,NA,3,4,NA,2,NA,NA,1,1,5,5,4,6,4,NA,1,1,6,4,7
"1608",185,100,NA,4491,TRUE,NA,26,NA,"0","0","0","0","White",NA,0,0,4,3,NA,3,2,3,3,3,NA,2,NA,3,4,NA,4,4,1,1,1,1,4,NA,7
"363",NA,NA,1,1412,NA,"2022-03-31T14:20:37Z",NA,"Man","0","0","0","0","White","Non-Hispanic",14,15,3,3,3,3,2,3,3,3,3,3,2,NA,4,4,2,NA,2,4,2,1,1,NA,NA
"1328",187,100,1,1476,TRUE,"2022-05-04T13:25:48Z",40,"Man","0","0","0","0","White","Non-Hispanic",1,NA,3,2,2,2,NA,4,3,NA,3,3,3,2,NA,NA,2,2,2,4,1,2,NA,NA,7
"269",188,100,NA,861,TRUE,"2021-12-09T16:14:39Z",NA,NA,"0","0","0","0","White","Non-Hispanic",2,8,3,2,1,3,NA,3,3,3,2,3,3,NA,4,4,7,6,6,NA,NA,2,5,4,2
"1420",189,100,NA,1168,TRUE,"2022-05-17T18:57:14Z",NA,"Man","0","0",NA,"0","White","Non-Hispanic",4,24,2,NA,2,2,2,3,2,2,2,2,3,1,NA,4,3,2,2,1,NA,1,2,2,2
"1620",190,100,1,NA,TRUE,NA,32,"Man","0","0","0",NA,NA,NA,0,1,2,2,2,4,1,4,2,NA,2,1,1,1,5,5,2,NA,1,2,1,NA,NA,6,6
"639",NA,NA,1,825,TRUE,"2022-10-03T13:13:11Z",NA,"Man",NA,"0","0","0","White","Non-Hispanic",6,12,NA,2,1,NA,2,3,3,3,2,3,5,2,2,4,5,5,5,1,1,NA,4,NA,2
"1517",NA,100,1,NA,TRUE,"2022-05-26T06:36:33Z",NA,"Woman",NA,"0","0","0","White","Non-Hispanic",9,9,3,2,2,3,2,3,NA,2,3,3,3,2,4,4,4,NA,1,2,1,1,7,NA,7
"1317",193,NA,1,NA,TRUE,"2022-05-03T15:53:35Z",47,NA,"0","0","0","0","White","Non-Hispanic",21,NA,2,2,2,2,2,4,3,3,2,NA,3,2,3,4,4,4,1,1,1,NA,7,7,7
"182",194,100,1,1215,TRUE,"2021-09-30T20:06:12Z",37,"Man","0","0","0","0","White","Non-Hispanic",15,15,1,2,NA,3,1,3,3,3,NA,1,3,1,NA,5,7,7,NA,3,1,1,1,4,NA
"1031",195,100,0,675,TRUE,"2022-02-16T15:20:20Z",49,"Man",NA,"0","0","0","White","Non-Hispanic",19,35,3,NA,NA,3,3,3,4,3,3,4,3,NA,4,4,NA,5,2,4,4,NA,NA,4,5
"2000",196,100,1,1357,NA,"2022-12-18T13:36:51Z",49,"Woman",NA,NA,"African American / Black","0","0","Non-Hispanic",NA,NA,4,1,2,2,1,4,NA,2,2,1,NA,1,5,5,NA,NA,NA,NA,NA,NA,NA,NA,NA
"1545",197,NA,NA,837,TRUE,"2022-05-31T21:16:23Z",64,"Man","0","0","0","0","White","Non-Hispanic",NA,38,NA,NA,2,2,2,2,NA,2,NA,2,NA,NA,4,4,4,6,4,1,1,1,NA,7,7
"1058",198,NA,0,NA,TRUE,"2022-02-18T19:47:45Z",25,"Man","0",NA,"0","0","White","Non-Hispanic",2,NA,3,NA,2,3,2,NA,3,3,NA,NA,NA,4,4,NA,2,2,2,NA,1,1,5,4,5
"474",199,100,1,523,TRUE,NA,27,"Man","0","0",NA,"0","White",NA,4,4,3,2,2,4,3,3,4,4,3,2,4,1,3,NA,3,1,1,NA,2,2,2,NA,3
"726",200,100,1,1417,TRUE,"2022-10-26T13:20:25Z",NA,"Woman",NA,"0",NA,"0",NA,"Non-Hispanic",14,27,2,NA,NA,2,1,3,NA,1,2,2,3,2,4,NA,4,4,4,2,1,1,2,NA,2
"1500",201,100,1,1179,NA,"2022-05-25T08:57:54Z",26,NA,"0","0","0",NA,"White",NA,0,3,2,2,3,NA,2,NA,3,3,NA,2,3,3,4,4,2,2,1,NA,NA,1,6,6,5
"1868",202,100,1,1340,TRUE,"2022-11-18T15:42:42Z",57,"Man","0","0","0","0","White","Non-Hispanic",2,22,2,2,2,NA,2,NA,2,2,2,2,2,2,NA,4,NA,1,1,5,1,1,1,7,7
"1525",NA,100,1,675,TRUE,"2022-05-26T18:34:33Z",NA,"Man",NA,"0","0","0","White","Non-Hispanic",31,31,3,2,2,NA,NA,NA,3,3,3,3,3,2,4,4,NA,4,1,3,1,1,4,5,5
"2010",204,100,1,NA,TRUE,"2022-12-19T15:41:16Z",37,"Woman","0","0","0","0","White","Non-Hispanic",NA,14,3,2,1,NA,2,3,2,NA,2,NA,2,2,NA,4,NA,6,6,6,NA,1,4,2,2
"655",205,100,1,594,NA,NA,32,"Woman","0","0","0","0",NA,"Non-Hispanic",NA,9,1,1,1,NA,1,4,1,NA,1,1,2,1,4,4,7,7,4,NA,4,1,1,4,4
"246",NA,100,NA,732,TRUE,"2021-12-02T15:18:34Z",51,"Man","0","0","0","0","White","Non-Hispanic",NA,26,NA,2,2,2,2,4,NA,3,NA,2,NA,3,3,NA,1,1,NA,1,1,1,1,NA,1
"554",207,100,1,1036,TRUE,"2022-08-26T13:22:12Z",34,"Man","0","0","African American / Black",NA,"0","Non-Hispanic",3,3,1,NA,1,3,NA,3,2,2,2,2,4,3,2,4,4,5,4,NA,1,1,7,NA,5
"273",208,100,NA,836,TRUE,NA,38,"Man",NA,"0",NA,"0","White","Non-Hispanic",9,18,1,1,1,4,4,4,2,2,2,NA,3,3,3,3,1,1,1,1,1,1,NA,3,1
"1394",209,100,1,955,TRUE,"2022-05-13T19:59:43Z",21,"Man","0","0","0",NA,"White","Non-Hispanic",1,3,NA,3,2,3,2,3,3,2,2,2,2,2,2,3,5,5,4,NA,1,1,4,6,6
"838",210,NA,0,695,TRUE,"2020-12-11T15:22:44Z",NA,NA,NA,NA,NA,"0","White","Non-Hispanic",1,1,1,4,2,NA,NA,NA,4,NA,3,2,3,2,4,4,3,2,2,NA,1,1,6,7,7
"261",211,100,NA,1447,TRUE,"2021-12-07T16:26:03Z",25,NA,"0","0","0",NA,"White","Non-Hispanic",2,2,3,2,2,NA,2,3,2,2,NA,2,3,1,3,3,2,NA,1,2,NA,NA,3,NA,2
"193",212,100,1,669,TRUE,NA,NA,"Man","Native American/ Alaskan","0","0","0","White","Non-Hispanic",NA,NA,NA,4,4,4,4,NA,4,4,4,4,2,2,5,5,NA,7,7,7,7,NA,7,7,7
"594",NA,100,1,874,NA,NA,53,"Man","0",NA,"African American / Black","0","0","Non-Hispanic",15,32,4,2,2,1,NA,NA,3,NA,2,NA,NA,5,5,5,7,7,7,NA,4,4,3,4,4
"733",214,100,1,NA,TRUE,NA,38,"Man",NA,"0",NA,"0","White","Non-Hispanic",3,13,2,1,1,2,1,4,NA,2,1,1,NA,1,4,NA,2,NA,2,2,2,1,2,4,NA
"1159",215,100,NA,NA,NA,"2022-09-02T18:19:55Z",NA,"Woman",NA,NA,"0","0","White","Non-Hispanic",1,6,1,2,1,3,2,4,3,3,NA,NA,2,1,5,5,2,2,NA,2,1,NA,7,7,7
"904",216,100,NA,819,TRUE,"2021-07-12T14:46:36Z",31,"Man","0","0","0",NA,"White",NA,5,5,NA,NA,2,3,1,NA,3,3,2,2,2,1,NA,4,NA,NA,2,3,1,1,4,7,7
"249",217,100,1,1020,TRUE,"2021-12-02T15:23:52Z",49,"Man",NA,NA,"0","Hawaiian/ Pacific Islander","0","Non-Hispanic",5,23,1,2,NA,2,1,3,2,2,2,2,1,4,4,4,NA,5,3,7,1,2,3,7,NA
"1143",NA,100,0,885,TRUE,"2022-09-01T18:15:01Z",43,"Man",NA,"0","0","0","White","Non-Hispanic",10,15,2,2,NA,NA,2,NA,3,2,2,2,4,NA,4,3,2,2,1,NA,1,1,2,NA,2
"1122",219,100,0,1029,TRUE,"2022-08-03T18:20:08Z",32,"Man","0","0",NA,NA,"White","Non-Hispanic",8,13,2,2,3,3,2,3,NA,3,2,1,3,2,5,5,NA,1,2,3,2,2,NA,7,NA
"2053",220,NA,1,987,TRUE,"2022-12-26T11:22:21Z",62,"Man","0","0","0","0","White","Non-Hispanic",NA,28,2,2,2,3,2,3,3,3,2,NA,3,NA,4,4,1,NA,NA,1,NA,1,NA,6,6
"268",NA,100,1,670,NA,"2021-12-09T16:11:07Z",30,"Man","0",NA,NA,"0","White",NA,1,NA,4,2,1,4,2,3,3,3,3,NA,4,4,4,4,NA,2,2,NA,2,2,2,2,2
"565",222,100,1,1309,TRUE,NA,NA,"Man","0","0","African American / Black","0","0","Non-Hispanic",NA,1,2,NA,NA,3,2,3,2,NA,2,3,4,3,NA,4,5,3,3,NA,3,2,2,4,NA
"450",223,NA,1,1326,NA,NA,43,"Man","0",NA,NA,"0","White","Non-Hispanic",2,22,4,3,NA,4,3,4,4,4,4,NA,NA,NA,4,4,4,NA,2,1,1,1,7,7,7
"14",224,100,1,1220,TRUE,"2020-12-17T18:25:53Z",37,"Man","0",NA,"0","0","White","Non-Hispanic",7,12,3,2,3,3,2,NA,3,NA,2,2,3,NA,4,3,1,1,1,2,NA,1,6,6,7
"1289",225,100,1,3231,TRUE,NA,NA,"Man","0","0","0","0",NA,"Non-Hispanic",25,25,3,NA,2,4,NA,3,3,3,3,3,4,NA,4,4,6,6,5,7,1,5,NA,4,4
"1020",226,100,0,1707,NA,"2022-02-14T15:30:19Z",31,"Man","0","0","0",NA,NA,"Non-Hispanic",2,4,2,2,2,3,2,3,3,NA,NA,2,2,NA,NA,4,2,2,1,NA,1,1,5,7,6
"263",227,100,1,1916,NA,NA,47,"Man","0","0","0","0","White","Non-Hispanic",6,7,4,4,4,4,4,4,4,NA,1,4,2,NA,5,5,2,1,1,NA,1,1,NA,7,5
"354",NA,100,NA,NA,TRUE,"2022-03-30T14:07:51Z",NA,"Man","Native American/ Alaskan","0","0","0","0",NA,1,15,3,2,2,2,2,3,2,2,2,2,2,1,4,NA,2,2,2,2,NA,1,NA,3,2
"1820",NA,100,1,940,TRUE,"2022-10-28T20:17:08Z",NA,NA,"0","0",NA,"0","White",NA,7,21,1,1,1,2,1,1,3,2,1,2,4,3,3,4,3,2,2,3,1,1,5,NA,NA
"807",230,100,0,778,NA,"2020-09-24T18:16:54Z",46,NA,NA,NA,"0","0","White",NA,16,NA,2,NA,2,3,NA,NA,2,NA,2,NA,4,2,5,5,2,2,NA,NA,1,2,6,4,NA
"798",231,100,1,NA,TRUE,NA,54,"Man",NA,"0","0","0","White","Non-Hispanic",2,2,2,1,2,2,2,NA,3,2,1,2,2,4,4,NA,2,2,1,2,1,1,2,4,3
"23",232,100,1,NA,TRUE,"2020-12-18T18:21:35Z",NA,"Man","0","0","0","0","White",NA,18,8,3,3,3,3,NA,3,3,3,3,NA,3,2,NA,3,2,NA,1,7,1,4,5,NA,6
"1755",233,NA,1,1161,TRUE,NA,NA,"Man","0","0",NA,"0","White",NA,2,10,3,2,3,4,NA,NA,3,3,2,2,4,2,5,5,NA,NA,1,NA,4,NA,2,1,2
"737",234,100,1,1209,TRUE,"2022-11-02T13:13:44Z",NA,"Man","0","0","African American / Black","0","0",NA,1,1,3,1,2,3,1,4,3,3,1,2,4,1,3,5,5,2,NA,4,NA,1,1,3,7
"609",235,100,NA,831,TRUE,"2022-09-02T13:07:58Z",38,"Man","0","0",NA,"0","White","Non-Hispanic",NA,NA,2,2,1,4,NA,4,NA,4,2,1,5,1,NA,4,6,7,5,7,5,4,5,2,2
"597",NA,NA,NA,846,TRUE,"2022-08-31T13:20:27Z",NA,"Man","0","0","0","0",NA,"Non-Hispanic",5,5,4,3,2,3,1,3,3,2,1,2,NA,NA,4,4,3,4,NA,NA,2,1,1,NA,NA
"672",NA,100,1,1052,TRUE,"2022-10-12T13:16:13Z",29,"Man","0","0","0","0","White",NA,3,NA,NA,1,1,NA,1,4,1,1,1,1,1,1,5,5,4,7,5,7,2,NA,NA,NA,7
"2078",NA,100,1,3410,TRUE,"2022-12-30T03:22:22Z",NA,"Man",NA,NA,"African American / Black","0","0",NA,12,18,3,NA,2,3,2,4,2,2,2,2,3,1,NA,5,2,NA,1,2,1,1,7,7,7
"869",239,100,0,692,NA,"2021-05-10T14:14:52Z",64,"Man","0","0","0","0","White","Non-Hispanic",NA,NA,1,1,NA,3,1,4,2,2,2,1,2,1,5,5,2,2,1,1,NA,1,4,NA,6
"1996",240,100,1,747,TRUE,NA,45,"Man","0","0","African American / Black","0",NA,"Non-Hispanic",1,17,2,NA,NA,NA,NA,NA,2,2,2,2,3,2,4,NA,2,2,2,1,1,1,6,6,6
"889",241,100,0,NA,TRUE,"2021-07-08T13:10:05Z",48,"Man","0","0",NA,"0","White","Non-Hispanic",NA,23,NA,NA,3,3,3,3,3,3,3,3,NA,3,3,3,5,5,6,7,4,1,2,3,4
"1052",242,NA,0,1264,TRUE,NA,40,NA,NA,"0","0","0","White",NA,8,NA,1,1,1,2,1,4,1,1,1,1,1,1,5,5,NA,2,2,3,1,1,4,7,6
"481",NA,100,1,1000,NA,NA,31,"Man","0","0","0","0","White","Non-Hispanic",2,NA,1,2,3,4,2,3,NA,3,1,1,3,2,4,4,2,2,2,NA,1,NA,6,7,7
"372",244,100,1,966,TRUE,"2022-04-08T13:46:07Z",36,"Man","0",NA,"0",NA,"White",NA,7,7,NA,1,1,NA,2,NA,2,2,2,NA,2,1,4,4,NA,3,3,3,NA,1,NA,3,3
"1101",245,NA,0,936,TRUE,"2022-06-09T14:11:52Z",NA,"Man","0","0","0","0",NA,NA,NA,28,NA,2,1,4,2,4,3,3,1,1,NA,1,5,NA,1,NA,NA,NA,NA,1,7,NA,7
"832",246,100,0,1467,TRUE,"2020-12-09T15:30:48Z",NA,"Man","0","0","0",NA,"White",NA,2,NA,2,2,NA,NA,2,NA,2,2,2,NA,3,2,5,NA,3,2,NA,7,1,2,NA,4,5
"335",247,100,NA,NA,TRUE,"2022-02-08T15:25:46Z",39,"Man",NA,"0",NA,"0","White","Non-Hispanic",0,NA,2,NA,2,2,2,3,3,3,3,3,3,1,5,4,3,4,1,2,NA,2,2,2,2
"489",248,100,1,604,NA,NA,33,"Man","0","0","0","0",NA,NA,4,4,3,3,2,3,NA,3,3,3,NA,NA,3,2,4,NA,2,4,2,2,3,2,3,4,3
"1380",249,100,1,2590,TRUE,"2022-05-12T15:09:24Z",32,"Woman","0","0","0","0","White","Non-Hispanic",NA,NA,NA,2,3,3,2,NA,3,3,NA,2,3,1,5,5,7,7,4,3,1,1,NA,6,7
"60",250,100,1,1021,TRUE,"2021-03-10T21:28:42Z",27,"Woman",NA,"0","0","0","White",NA,0,1,NA,2,2,3,2,3,4,2,3,3,3,2,4,NA,NA,4,1,NA,1,NA,4,2,4
"88",251,100,1,1040,TRUE,"2021-04-15T13:51:29Z",NA,"Man","0","0",NA,"0",NA,NA,NA,NA,3,NA,3,3,NA,3,4,3,3,3,2,1,NA,NA,NA,4,NA,3,1,2,3,6,6
"2017",252,100,1,7079,TRUE,NA,22,"Man","0","0","0","0","White",NA,NA,3,1,NA,1,1,1,4,2,1,1,NA,NA,1,4,4,NA,2,NA,NA,1,1,6,7,7
"1166",253,100,0,888,TRUE,"2022-09-02T18:31:18Z",40,"Man","0","0","0","0",NA,"Non-Hispanic",NA,7,3,NA,NA,2,2,3,3,3,2,2,2,NA,4,4,4,4,2,1,2,2,2,2,NA
"371",254,100,NA,1040,TRUE,"2022-04-08T13:45:55Z",33,"Woman","0","0","0",NA,"White",NA,NA,10,3,2,NA,3,2,4,2,2,2,NA,2,1,5,5,4,2,NA,2,2,2,7,7,5
"630",255,100,1,NA,TRUE,"2022-09-27T13:30:27Z",51,NA,"0",NA,"African American / Black","0",NA,NA,2,19,1,NA,NA,3,2,4,2,NA,2,NA,4,1,4,5,4,4,2,2,1,NA,1,2,NA
"5",256,100,1,632,NA,"2020-12-17T16:11:50Z",NA,"Woman","0","0","0","0",NA,"Non-Hispanic",2,7,3,2,3,2,2,4,3,3,2,NA,4,3,4,4,4,2,2,2,1,1,5,7,7
"235",257,NA,1,1237,TRUE,"2021-11-17T21:53:40Z",27,"Man","0","0",NA,"0","White",NA,5,5,4,NA,NA,4,NA,NA,4,3,3,4,NA,1,4,NA,4,5,1,NA,2,2,NA,NA,4
"2095",258,100,1,NA,TRUE,"2023-01-03T13:31:10Z",39,NA,"0","0","0","0","White","Non-Hispanic",0,8,NA,3,3,NA,3,NA,3,3,3,3,2,3,3,2,2,2,2,2,2,2,2,2,2
"247",NA,100,1,NA,TRUE,"2021-12-02T15:21:05Z",24,"Man","0",NA,"0",NA,NA,"Non-Hispanic",0,2.5,2,2,2,2,NA,3,NA,3,2,NA,3,2,4,NA,2,2,2,1,1,1,1,4,NA
"177",260,100,1,945,TRUE,"2021-09-30T19:51:10Z",NA,NA,NA,"0","0","0","White","Non-Hispanic",1,11,NA,NA,2,2,2,3,NA,3,NA,2,NA,2,4,4,4,2,4,4,1,1,4,4,2
"903",NA,NA,NA,762,TRUE,"2021-07-12T14:46:12Z",51,"Man",NA,"0","0",NA,"White","Non-Hispanic",16,1,3,3,NA,3,NA,3,3,3,NA,2,2,1,5,4,NA,NA,1,2,1,1,7,7,7
"1313",262,NA,1,1443,TRUE,NA,25,"Woman",NA,"0","0","0","White","Non-Hispanic",0,3,2,NA,NA,NA,2,3,3,3,2,2,NA,NA,3,NA,NA,3,NA,NA,2,NA,NA,3,2
"1003",263,NA,0,NA,TRUE,"2022-01-20T19:31:29Z",NA,"Woman","0","0",NA,"0","White","Non-Hispanic",0,0,2,2,2,2,NA,NA,NA,2,2,2,NA,1,4,4,4,NA,1,1,7,1,NA,3,NA
"849",264,85,0,1212,FALSE,"2020-12-24T14:31:07Z",NA,"Man","0","0","0","0","White","Non-Hispanic",14,26,3,2,2,3,2,NA,2,2,2,2,3,2,4,4,6,6,6,7,6,2,2,2,2
"286",265,100,1,NA,TRUE,"2021-12-09T16:43:00Z",NA,NA,"0",NA,"0","0","White","Non-Hispanic",3,NA,3,2,2,NA,2,3,3,3,3,3,2,2,NA,NA,4,4,2,2,1,1,4,NA,5
"2070",266,NA,NA,1533,TRUE,"2022-12-28T20:07:54Z",59,"Man","0",NA,"African American / Black",NA,"0",NA,NA,33,1,1,1,1,NA,4,1,2,1,1,2,NA,4,NA,2,2,1,1,NA,1,7,7,NA
"447",267,100,NA,976,TRUE,NA,63,"Man",NA,"0","0","0","White","Non-Hispanic",2,42,2,2,2,NA,2,NA,2,2,NA,2,NA,1,5,NA,2,NA,2,2,2,2,6,NA,NA
"1368",268,100,1,NA,TRUE,"2022-05-10T15:00:29Z",49,"Man","0","0","0","0","White","Non-Hispanic",28,15,2,2,2,2,2,4,3,2,NA,2,4,NA,4,NA,2,1,1,1,1,1,3,6,5
"535",269,NA,1,NA,TRUE,"2022-08-24T13:19:00Z",NA,"Woman",NA,"0","0","0",NA,"Non-Hispanic",7,17,2,NA,3,3,2,4,3,3,2,2,NA,NA,NA,4,4,4,NA,6,1,2,5,6,7
"953",270,100,0,722,TRUE,"2021-09-27T15:18:23Z",28,"Woman","0","0","0","0","White","Non-Hispanic",0,4,NA,NA,1,NA,1,4,4,4,3,2,NA,NA,5,5,2,1,1,1,1,1,3,7,7
"1865",271,100,NA,1089,TRUE,"2022-11-17T22:49:45Z",32,NA,"0","0","0",NA,"White",NA,2,10,2,2,1,2,1,4,3,4,3,2,4,NA,2,3,2,2,2,3,2,2,2,4,4
"223",272,100,1,NA,NA,"2021-11-05T14:04:10Z",35,"Woman","0","0","African American / Black","0","0","Non-Hispanic",NA,NA,NA,NA,1,1,NA,4,4,4,1,2,NA,1,5,NA,1,1,1,NA,NA,1,NA,NA,7
"1333",273,100,1,1268,TRUE,NA,52,"Man","0","0","0","0","White","Non-Hispanic",2,NA,2,2,NA,NA,NA,3,2,2,2,2,3,1,5,5,NA,NA,NA,4,1,1,3,NA,6
"1089",NA,100,0,1233,TRUE,"2022-04-21T14:59:20Z",32,NA,"0","0","0","0","White","Non-Hispanic",NA,6,2,NA,NA,3,NA,3,NA,2,3,NA,3,NA,NA,NA,2,NA,NA,NA,2,1,4,NA,3
"1772",275,100,1,818,TRUE,"2022-10-04T11:28:52Z",22,"Man","0","0","0",NA,"White",NA,1,1,NA,2,2,2,2,4,3,2,4,1,2,2,5,5,4,2,2,2,1,1,NA,6,6
"847",276,100,NA,243,TRUE,"2020-12-23T17:15:34Z",99,NA,NA,NA,NA,"0","0","Hispanic",99,99,1,1,1,1,1,1,1,NA,1,1,1,NA,NA,NA,1,1,1,NA,1,1,1,1,1
"405",277,100,1,1128,TRUE,"2022-05-12T14:16:36Z",30,NA,"0","0","0","0","White","Non-Hispanic",2,NA,2,2,3,3,2,4,3,3,NA,3,3,2,4,4,4,4,2,5,1,1,2,4,2
"407",278,100,NA,1575,TRUE,"2022-05-12T14:20:32Z",NA,NA,NA,"0","0",NA,"White",NA,0,0,2,2,3,NA,2,3,3,3,3,2,3,1,4,4,4,1,3,2,1,1,NA,NA,3
"699",279,100,1,1706,TRUE,"2022-10-14T13:31:43Z",NA,"Man","0",NA,"0","0","White",NA,NA,26,1,NA,1,NA,3,4,4,4,4,4,1,1,NA,5,7,7,7,7,1,NA,1,7,7
"906",NA,100,0,758,TRUE,"2021-07-12T14:47:56Z",42,NA,"Native American/ Alaskan",NA,NA,NA,"White","Hispanic",NA,20,2,2,2,3,NA,4,3,3,NA,2,NA,2,4,4,1,1,1,1,1,NA,6,6,6
"1934",NA,100,1,13516,TRUE,"2022-12-09T03:39:49Z",37,"Woman","0","0",NA,"0",NA,NA,2,6,2,2,1,NA,1,NA,3,2,2,2,2,2,NA,4,NA,NA,NA,3,NA,1,NA,5,5
"696",282,100,1,1669,TRUE,"2022-10-14T13:18:59Z",50,"Man","0","0","0","0","0","Non-Hispanic",12,12,3,3,3,3,2,4,NA,2,2,2,1,1,NA,5,2,1,2,NA,1,1,7,7,7
"721",283,100,1,1107,TRUE,"2022-10-26T13:15:24Z",33,"Man","0","0","0","0","White","Non-Hispanic",3,3,3,2,2,2,2,3,2,2,2,2,2,NA,4,NA,NA,4,4,4,1,1,1,4,3
"1884",284,100,1,1475,TRUE,"2022-11-24T03:38:53Z",28,"Man","0",NA,"0","0","White","Non-Hispanic",2,2,3,3,1,3,3,NA,NA,3,NA,NA,4,4,4,4,2,2,2,2,2,2,2,2,2
"1013",285,100,0,632,TRUE,"2022-02-08T16:18:16Z",NA,"Woman",NA,"0","0","0","White","Non-Hispanic",NA,NA,NA,1,2,1,1,4,4,4,3,1,4,1,NA,4,NA,1,2,1,1,1,1,1,7
"250",286,100,1,NA,NA,"2021-12-07T16:11:45Z",NA,"Man","0","0","0",NA,"White","Non-Hispanic",NA,7,NA,2,1,4,3,4,4,4,2,4,5,4,NA,5,4,NA,NA,1,3,2,4,7,7
"1749",NA,100,1,1052,NA,"2022-09-27T06:45:59Z",47,NA,"0","0","0","0","White","Non-Hispanic",2,18,3,NA,2,3,3,3,NA,2,NA,3,3,NA,3,4,3,2,2,NA,NA,1,3,4,5
"308",288,100,1,759,TRUE,"2022-02-01T15:07:52Z",43,"Man","0","0","0","0",NA,NA,1.5,21,2,3,2,3,2,3,3,2,2,2,NA,1,4,4,NA,4,2,7,2,2,2,5,4
"459",289,NA,1,943,NA,"2022-07-14T18:24:32Z",45,"Nonbinary","0","0","0","0","White","Non-Hispanic",25,25,2,2,1,3,NA,3,2,2,2,2,3,NA,5,5,NA,2,2,2,2,1,5,4,6
"1756",290,100,1,2115,TRUE,NA,30,NA,"0",NA,"0",NA,NA,"Non-Hispanic",6,8,3,2,2,2,2,3,4,NA,2,2,3,2,3,NA,NA,1,1,1,1,1,NA,NA,5
"203",NA,NA,1,597,TRUE,"2021-11-05T13:45:20Z",NA,NA,"0","0","0","0","White","Non-Hispanic",NA,NA,3,NA,1,3,2,4,4,2,4,NA,4,1,1,4,1,7,NA,NA,1,NA,7,1,6
"244",292,100,1,938,TRUE,"2021-12-02T15:16:27Z",30,NA,"0","0","0","0","White",NA,2,7,3,2,2,3,2,3,3,2,NA,2,4,2,4,4,2,2,1,2,1,1,4,3,5
"549",293,100,1,971,TRUE,NA,50,NA,"0","0","0",NA,"0","Non-Hispanic",NA,NA,NA,2,2,2,2,3,3,3,2,2,2,1,5,5,NA,NA,1,2,1,NA,5,5,5
"30",294,100,NA,884,TRUE,"2020-12-18T18:24:16Z",65,"Man",NA,"0",NA,"0","White","Non-Hispanic",NA,35,3,2,2,NA,2,4,3,3,NA,2,3,2,4,4,NA,1,2,4,1,1,2,2,7
"840",295,100,NA,1009,TRUE,"2020-12-11T15:26:21Z",50,"Man","Native American/ Alaskan","0","0","0","0",NA,13,13,4,4,NA,2,2,4,2,NA,1,1,5,NA,4,5,2,NA,1,5,1,1,2,2,3
"518",NA,100,1,966,TRUE,"2022-08-22T13:09:43Z",23,"Man",NA,"0","0","0","White","Non-Hispanic",NA,0,3,2,3,3,2,3,3,3,3,3,3,NA,3,3,5,6,1,1,NA,1,5,5,5
"528",297,100,1,671,NA,"2022-08-24T13:11:18Z",NA,NA,"0",NA,"0","0","White",NA,1,NA,2,2,2,3,2,NA,4,NA,2,2,4,NA,4,4,NA,4,NA,4,1,NA,6,7,7
"368",298,NA,1,NA,NA,"2022-04-08T13:35:02Z",23,"Man","0",NA,"0","0","White",NA,0,0,1,NA,2,3,NA,NA,3,3,NA,3,4,3,NA,3,2,2,NA,2,4,2,NA,NA,4
"1028",299,100,0,943,TRUE,"2022-02-14T19:48:35Z",28,"Man","0","0","0",NA,"White",NA,2,NA,2,2,3,3,2,NA,4,3,2,2,3,2,4,NA,NA,2,2,1,1,1,NA,6,7
"1573",300,NA,1,2341,TRUE,"2022-06-03T14:01:02Z",45,"Woman",NA,"0","0","0","White","Non-Hispanic",0,0,NA,2,2,3,2,3,NA,3,2,2,3,1,3,3,2,1,1,1,1,1,3,3,NA
"979",301,100,0,NA,TRUE,"2021-11-11T19:44:56Z",30,"Man",NA,"0",NA,"0","White","Non-Hispanic",NA,5,4,3,3,NA,NA,NA,4,3,NA,1,3,1,5,5,4,6,4,3,1,1,4,3,3
"469",302,NA,NA,NA,TRUE,"2022-07-20T13:22:23Z",42,"Woman","0","0","0",NA,"White","Non-Hispanic",NA,9,2,1,NA,2,3,4,NA,3,NA,2,NA,1,5,5,NA,NA,2,6,4,1,1,NA,NA
"479",303,100,1,866,TRUE,NA,NA,"Man","0","0","0",NA,"White",NA,NA,NA,NA,4,NA,4,4,3,4,1,NA,4,3,2,4,4,3,NA,7,5,5,5,5,3,2
"738",304,100,NA,NA,TRUE,"2022-11-02T13:33:18Z",51,"Man",NA,"0","African American / Black",NA,"0","Non-Hispanic",NA,NA,4,1,NA,4,2,1,4,4,1,2,3,3,4,NA,4,NA,NA,1,1,1,1,7,NA
"1154",305,100,0,803,TRUE,"2022-09-02T14:21:04Z",52,"Man","0","0","0","0","White",NA,NA,24,3,2,2,3,2,3,3,3,2,2,NA,4,4,NA,1,1,1,1,1,1,1,2,2
"438",306,100,1,518,TRUE,"2022-07-12T18:11:22Z",NA,"Man","0","0","0","0",NA,"Non-Hispanic",1,1,NA,NA,NA,4,4,2,4,4,4,4,4,NA,4,4,1,1,1,1,7,4,7,NA,7
"1198",307,100,NA,1022,TRUE,NA,33,"Man","0","0",NA,"0","White","Non-Hispanic",NA,NA,3,2,2,2,2,3,3,NA,2,2,3,2,4,4,1,1,1,2,1,1,NA,5,NA
"684",308,NA,1,NA,TRUE,"2022-10-14T12:59:39Z",NA,"Man","0","0","0",NA,"White","Non-Hispanic",0,0,2,2,NA,3,2,3,2,2,2,2,3,2,NA,4,4,4,4,NA,NA,1,3,3,3
"567",309,NA,NA,NA,TRUE,"2022-08-26T13:37:45Z",36,"Man","0","0","African American / Black","0","0","Non-Hispanic",13,13,3,NA,2,NA,2,NA,3,3,2,2,3,3,4,NA,5,5,NA,6,1,1,4,2,2
"390",310,100,1,NA,TRUE,NA,27,"Woman",NA,NA,"0","0",NA,"Hispanic",2,6,2,2,1,2,2,4,2,NA,2,2,NA,1,5,5,2,2,1,2,1,NA,3,1,6
"245",311,100,1,NA,TRUE,"2021-12-02T15:17:54Z",46,"Man","0","0","0","0","White","Non-Hispanic",1,23,3,NA,2,3,1,4,2,NA,2,2,4,1,NA,4,4,4,1,4,1,1,4,4,4
"1520",312,100,1,1090,TRUE,NA,NA,"Man","0","0","0","0",NA,"Non-Hispanic",1,1,NA,2,1,2,1,4,NA,3,2,NA,2,1,5,5,3,NA,1,5,1,1,4,NA,7
"318",313,100,NA,988,NA,"2022-02-01T15:19:30Z",NA,"Man","0","0","0","0","White","Non-Hispanic",2,15,3,1,1,3,2,3,3,NA,2,NA,NA,2,2,2,3,3,2,4,1,NA,NA,3,2
"1701",314,100,1,NA,TRUE,"2022-08-10T20:20:43Z",NA,"Man","0","0","0","0",NA,"Non-Hispanic",NA,15,NA,1,1,1,1,4,2,2,2,2,NA,2,4,4,NA,NA,2,1,1,1,3,7,7
"1950",315,100,1,666,TRUE,NA,40,"Woman","0","0","0","0","White",NA,NA,5,NA,NA,2,3,2,4,2,NA,2,2,2,NA,4,4,5,2,2,3,1,NA,3,3,5
"167",NA,NA,1,1043,TRUE,"2021-09-16T14:17:14Z",39,"Man","0","0","0","0","White","Non-Hispanic",NA,5,NA,4,4,NA,3,4,NA,4,2,3,1,1,5,5,4,5,3,NA,1,1,3,NA,5
"762",317,100,1,1100,NA,"2022-11-14T14:13:13Z",29,"Woman","0","0","0","0",NA,"Non-Hispanic",6,6,2,NA,2,3,2,3,3,3,2,3,5,1,5,NA,7,7,1,NA,1,1,1,7,7
"1151",NA,100,0,851,TRUE,"2022-09-02T14:16:21Z",52,"Man","0","0",NA,"0","White","Non-Hispanic",2,NA,NA,2,NA,2,1,3,2,2,2,NA,2,NA,4,4,NA,2,2,4,2,2,3,4,4
"764",319,100,1,891,NA,NA,34,NA,"0",NA,"0","0","White","Non-Hispanic",NA,1,2,NA,2,3,2,NA,2,3,2,NA,2,NA,4,4,3,2,2,5,NA,1,1,4,NA
"155",NA,100,NA,1354,TRUE,NA,40,"Man","0","0","0","0","White","Non-Hispanic",NA,9,2,NA,2,3,NA,3,2,2,2,2,2,1,NA,4,2,1,2,2,1,1,4,4,NA
"1025",NA,100,0,763,NA,"2022-02-14T19:46:21Z",NA,"Man","0","0","0","0","White","Non-Hispanic",NA,6,NA,NA,NA,3,3,3,3,2,3,3,3,3,3,3,2,NA,NA,2,1,NA,NA,NA,NA
"487",322,100,NA,1528,NA,NA,52,"Man","0","0","0","0",NA,"Non-Hispanic",3,NA,2,2,3,3,2,3,3,3,2,2,2,1,NA,4,NA,2,2,7,2,2,NA,6,NA
"1456",NA,NA,1,NA,NA,"2022-05-20T11:54:43Z",33,"Man","0","0","0","0",NA,"Non-Hispanic",6,6,3,2,2,2,3,3,3,3,2,3,2,2,NA,4,1,1,1,1,NA,NA,4,4,4
"1444",324,NA,NA,NA,TRUE,NA,51,"Man",NA,"0","0",NA,"White","Non-Hispanic",5,14,2,2,NA,NA,NA,3,3,3,2,2,NA,3,4,NA,4,NA,2,NA,1,1,2,2,3
"109",325,100,1,1224,TRUE,"2021-04-23T13:16:33Z",27,"Man","0","0","0",NA,NA,"Non-Hispanic",NA,NA,3,1,1,1,1,4,3,2,1,1,3,2,NA,4,1,1,NA,NA,1,NA,6,7,6
"187",326,100,1,NA,NA,"2021-09-30T22:56:06Z",43,"Man","0",NA,"0","0","White","Non-Hispanic",15,NA,1,1,1,NA,1,4,3,2,1,2,1,NA,5,5,NA,3,3,NA,1,1,4,2,3
"1524",327,100,1,1112,TRUE,"2022-05-26T15:13:55Z",55,"Man",NA,"0","0","0","White",NA,12,12,3,3,NA,3,1,3,NA,NA,2,2,2,2,4,4,2,1,2,2,NA,1,3,NA,6
"51",328,100,NA,1349,TRUE,"2021-03-10T14:32:53Z",NA,NA,"0","0","0","0","White",NA,NA,21,1,2,2,3,NA,3,3,3,3,2,2,2,4,4,2,2,NA,4,1,1,2,NA,NA
"57",329,100,NA,NA,TRUE,"2021-03-10T21:25:37Z",30,"Man","0","0","0","0","White","Non-Hispanic",3,3,NA,NA,4,3,2,3,NA,4,2,3,NA,NA,NA,3,1,1,1,1,NA,1,7,7,NA
"662",330,100,1,NA,TRUE,"2022-10-06T13:15:39Z",NA,"Man",NA,"0","0","0","White","Non-Hispanic",7,17,3,NA,NA,4,2,3,NA,NA,2,4,NA,3,NA,NA,NA,4,5,NA,NA,1,6,NA,6
"828",NA,100,0,NA,TRUE,"2020-12-09T15:23:06Z",NA,NA,"0","0","0","0","White","Non-Hispanic",6,16,NA,3,NA,3,2,NA,4,4,2,4,2,1,4,3,7,NA,7,7,NA,2,4,NA,4
"599",332,100,1,1231,TRUE,NA,44,"Man","0","0","African American / Black","0","0","Non-Hispanic",16,16,3,1,2,2,4,4,NA,3,3,2,4,4,4,4,3,NA,1,3,4,3,5,3,3
"1292",NA,100,1,3472,NA,NA,30,"Woman",NA,"0",NA,"0","White","Non-Hispanic",1,NA,3,2,2,NA,2,4,2,2,2,3,NA,NA,4,5,4,NA,1,1,NA,2,2,7,7
"428",NA,100,1,1077,TRUE,"2022-06-23T14:21:38Z",35,"Man",NA,"0",NA,"0","White","Non-Hispanic",14,2,NA,NA,3,3,NA,4,3,3,NA,NA,2,1,4,4,4,NA,NA,4,NA,NA,4,2,2
"724",NA,100,1,1261,TRUE,"2022-10-26T13:19:05Z",35,"Man",NA,NA,"0","0","White","Non-Hispanic",10,NA,3,2,1,3,2,NA,2,2,2,2,3,2,NA,NA,7,7,4,NA,1,NA,NA,4,1
"1097",NA,100,0,691,TRUE,"2022-06-09T14:06:15Z",NA,"Man","0",NA,"0","0","White","Non-Hispanic",0,7,3,2,1,2,2,4,NA,NA,2,NA,4,1,4,5,4,1,2,1,1,NA,4,4,NA
"209",337,100,1,880,NA,"2021-11-05T13:49:58Z",NA,"Man","0","0","0","0",NA,NA,NA,NA,2,2,1,3,2,4,1,NA,NA,2,3,1,3,5,NA,1,1,1,NA,1,7,NA,7
"1011",338,100,0,612,TRUE,"2022-02-08T16:17:28Z",26,NA,"0","0","0","0","White","Non-Hispanic",0,0,3,NA,2,3,3,3,3,3,2,3,2,2,NA,4,4,NA,4,5,NA,NA,6,7,7
"839",NA,NA,0,NA,TRUE,"2020-12-11T15:23:59Z",24,NA,"0","0","0","0","White",NA,3,NA,4,4,4,4,4,NA,4,4,4,4,3,3,NA,4,1,1,1,1,1,NA,1,1,4
"148",340,100,1,1001,TRUE,"2021-09-14T14:11:35Z",39,"Man","0","0","0",NA,"White","Non-Hispanic",10,16,2,2,1,3,2,3,NA,NA,2,2,2,2,4,4,1,1,1,1,1,1,7,7,NA
"564",341,100,1,1302,NA,"2022-08-26T13:26:43Z",28,"Man","0","0","African American / Black","0","0","Non-Hispanic",2,2,NA,NA,2,3,2,4,4,2,3,3,2,2,5,5,NA,2,NA,2,1,NA,NA,6,6
"940",NA,100,0,870,NA,"2021-09-24T14:19:53Z",NA,"Woman","0","0","0","0","White",NA,1,3,2,2,2,4,NA,3,3,3,2,2,NA,1,3,4,2,1,2,1,2,NA,5,2,NA
"910",NA,100,NA,815,TRUE,NA,42,"Man",NA,NA,NA,NA,NA,"Non-Hispanic",NA,16,3,3,NA,NA,2,3,NA,2,3,2,1,NA,5,5,NA,1,NA,1,1,1,7,7,NA
"1160",344,100,0,NA,TRUE,"2022-09-02T18:21:19Z",NA,"Man",NA,NA,"0","0","White","Non-Hispanic",11,22,2,NA,2,3,NA,3,NA,NA,NA,NA,3,3,4,4,NA,NA,NA,NA,NA,NA,NA,NA,NA
"664",345,100,1,1100,TRUE,"2022-10-06T13:18:29Z",NA,"Man",NA,"0",NA,"0","White","Non-Hispanic",2,28,NA,NA,1,2,2,4,3,3,NA,NA,2,1,5,NA,2,2,NA,2,2,1,2,6,7
"1976",NA,100,NA,1069,TRUE,"2022-12-16T17:37:10Z",50,NA,NA,"0",NA,"0","White",NA,24,24,NA,2,1,2,1,NA,1,1,1,1,3,NA,NA,5,4,2,2,NA,1,NA,3,4,5
"1765",347,100,1,907,TRUE,"2022-10-01T03:48:55Z",24,"Man","0",NA,"0","0","White",NA,0,0,3,3,1,2,1,4,2,2,1,NA,2,1,4,NA,NA,NA,NA,NA,NA,1,5,6,7
"1286",348,100,1,987,TRUE,"2022-04-30T08:10:22Z",42,"Man","0","0","0",NA,"White","Hispanic",17,21,1,3,3,3,2,3,3,2,NA,2,3,NA,3,3,4,NA,NA,4,4,4,4,NA,NA
"102",349,100,1,NA,TRUE,"2021-04-23T13:13:10Z",25,"Man","0","0","0","0","White","Non-Hispanic",NA,NA,1,2,2,3,1,NA,3,3,2,2,4,4,4,4,NA,1,1,1,1,1,NA,4,4
"880",350,100,0,494,NA,NA,NA,"Man","0","0","0","0","White","Non-Hispanic",26,NA,3,3,NA,2,2,3,3,3,3,NA,4,NA,NA,3,2,2,1,3,2,1,1,2,NA
"1954",351,100,1,4016,TRUE,"2022-12-13T11:44:01Z",NA,"Man","0",NA,"0","0","White","Non-Hispanic",0,6,1,3,3,3,NA,4,2,NA,1,1,NA,2,4,4,3,1,NA,1,1,1,2,7,NA
"689",352,100,1,1117,TRUE,"2022-10-14T13:11:02Z",NA,"Man","0","0","0",NA,"White","Non-Hispanic",NA,NA,3,1,1,3,1,3,3,3,NA,NA,NA,3,3,NA,3,3,5,NA,1,2,NA,NA,3
"545",353,100,1,934,TRUE,"2022-08-26T13:20:15Z",31,"Man","0","0",NA,NA,"0","Non-Hispanic",4,6,NA,2,2,NA,2,3,3,2,2,2,2,2,4,NA,6,NA,NA,NA,3,NA,NA,2,2
"458",354,100,1,1315,NA,"2022-07-14T18:19:58Z",27,NA,"0","0",NA,"0","White","Non-Hispanic",1.5,NA,2,2,2,3,NA,3,2,NA,2,2,3,3,3,3,NA,4,3,4,1,3,2,1,NA
"708",355,100,1,1040,TRUE,"2022-10-24T13:08:54Z",42,"Man","0","0",NA,NA,NA,"Non-Hispanic",16,2,2,NA,1,3,2,4,3,3,2,NA,3,3,NA,3,2,2,1,1,NA,1,NA,1,NA
"132",356,100,1,1148,TRUE,"2021-08-20T14:20:42Z",47,"Man","0","0","0","0","White","Non-Hispanic",7,25,3,2,2,3,2,4,3,NA,2,NA,2,1,4,4,4,4,NA,4,1,1,6,6,NA
"68",NA,100,1,1522,TRUE,"2021-03-10T21:37:19Z",33,"Man","0","0","0","0",NA,"Non-Hispanic",NA,2.5,NA,2,2,4,NA,NA,4,3,2,2,3,1,NA,4,4,1,1,1,1,1,1,NA,3
"1299",358,100,1,NA,TRUE,"2022-05-02T16:20:05Z",31,NA,NA,"0","0","0","White","Non-Hispanic",5,7,1,2,1,3,1,4,NA,3,2,NA,2,1,4,4,3,NA,5,5,2,2,4,5,NA
"893",359,100,NA,910,TRUE,"2021-07-08T13:53:36Z",52,"Man","0","0","0","0","White","Non-Hispanic",30,30,NA,2,2,2,2,NA,3,2,NA,NA,4,2,4,4,1,NA,NA,NA,1,1,NA,2,4
"685",NA,100,1,650,TRUE,NA,46,"Woman","0",NA,"0",NA,NA,"Non-Hispanic",0,12,2,2,2,3,NA,3,2,2,2,2,2,3,3,3,NA,NA,5,3,NA,4,3,4,4
"660",361,100,1,858,NA,"2022-10-06T13:12:55Z",25,"Man","0",NA,NA,"0","White","Non-Hispanic",NA,NA,2,2,NA,3,2,NA,3,NA,2,2,2,NA,NA,4,NA,5,2,1,1,1,5,3,5
"453",362,100,1,2575,TRUE,"2022-07-12T18:47:01Z",60,"Man","0","0","0","0","White","Non-Hispanic",3,NA,2,3,2,2,NA,4,2,2,2,1,4,NA,2,4,5,NA,2,1,NA,2,NA,3,5
"1205",363,NA,0,694,TRUE,NA,NA,"Man","0","0","0","0","White","Non-Hispanic",10,NA,4,3,2,3,2,NA,3,3,3,2,NA,2,4,4,NA,2,1,1,1,1,1,7,5
"1553",364,100,1,958,TRUE,"2022-06-01T06:34:03Z",21,NA,"0","0","0","0","White","Non-Hispanic",0,NA,NA,2,1,2,2,4,3,NA,3,NA,2,2,NA,2,4,4,4,4,4,4,4,4,NA
"161",365,100,NA,780,NA,NA,36,"Man","0","0",NA,"0","White","Non-Hispanic",1,13,NA,NA,2,3,2,3,2,1,1,1,4,2,4,4,4,2,2,2,1,1,6,6,5
"2103",366,NA,1,NA,TRUE,"2023-01-05T19:27:44Z",36,"Man","0","0","0","0","White","Non-Hispanic",NA,10,1,1,1,3,1,NA,2,2,2,2,3,1,4,4,5,5,5,5,NA,1,NA,NA,NA
"1607",367,100,NA,1944,TRUE,"2022-06-18T01:54:38Z",30,"Man","0","0","African American / Black",NA,"0","Non-Hispanic",1,2,4,NA,1,3,4,4,3,3,1,2,4,1,5,5,1,1,1,1,1,1,4,7,7
"1045",368,NA,NA,823,TRUE,"2022-02-16T19:44:42Z",NA,"Man","0","0","0","0","White","Non-Hispanic",NA,5,3,NA,3,NA,2,3,2,3,NA,4,4,2,4,4,2,1,2,2,NA,1,3,6,6
"1718",369,100,1,NA,TRUE,"2022-09-21T22:31:14Z",32,"Man","0","0",NA,"0","White","Non-Hispanic",0,0,3,2,2,2,2,3,NA,2,2,2,1,1,NA,5,1,1,NA,1,1,1,NA,7,7
"1210",370,100,0,NA,TRUE,"2022-11-03T15:56:57Z",59,"Man",NA,"0","0","0","White","Non-Hispanic",7,NA,3,2,2,3,2,3,3,NA,2,2,2,2,NA,4,4,4,1,2,1,1,2,NA,5
"1446",371,100,1,NA,TRUE,"2022-05-19T11:21:55Z",54,"Man","0","Asian","0","0","0","Non-Hispanic",10,15,1,2,1,1,1,3,2,2,NA,2,NA,4,5,NA,1,1,1,1,1,1,1,1,1
"482",372,100,NA,1055,TRUE,"2022-08-01T13:19:07Z",NA,"Man",NA,"0","0","0","White","Non-Hispanic",NA,NA,3,2,2,3,2,3,3,3,3,NA,5,1,4,NA,4,3,3,5,1,1,4,3,4
"120",373,100,1,1602,TRUE,"2021-05-25T19:24:05Z",30,"Man","0","0","0","0","White","Non-Hispanic",5,6,2,1,2,NA,1,4,NA,2,2,1,NA,1,5,5,3,2,2,2,1,NA,3,NA,5
"156",374,100,NA,NA,NA,"2021-09-14T14:30:29Z",34,"Woman","0",NA,"0","0",NA,"Non-Hispanic",11,13,3,NA,NA,3,3,NA,3,NA,2,NA,NA,2,4,NA,3,2,2,NA,2,1,2,2,NA
"1370",375,100,1,1643,NA,"2022-05-10T18:19:18Z",50,"Man","0","0","0","0","White","Non-Hispanic",2,29,2,3,2,NA,2,3,3,3,2,NA,3,3,NA,3,NA,4,2,6,1,1,4,4,NA
"1805",376,100,1,624,TRUE,"2022-10-24T16:08:05Z",NA,"Man","0","0",NA,"0","White","Non-Hispanic",NA,34,1,1,1,2,NA,3,2,2,1,1,1,1,NA,NA,4,4,4,5,1,1,4,4,4
"854",NA,100,NA,819,TRUE,"2021-01-27T14:53:51Z",58,NA,"0","0","0","0","White","Non-Hispanic",0,35,3,2,1,2,2,3,3,NA,2,2,2,1,5,5,1,2,NA,1,1,2,NA,6,6
"1783",378,100,1,747,TRUE,"2022-10-15T04:51:43Z",38,"Man","0","0","0","0",NA,"Non-Hispanic",0,15,3,4,2,2,2,4,3,3,1,3,2,4,4,NA,2,2,2,4,1,NA,3,5,5
"1721",379,100,1,1310,TRUE,"2022-09-22T20:28:53Z",NA,"Man","0","0","0",NA,"White","Non-Hispanic",NA,0,4,2,2,3,2,NA,NA,NA,NA,2,3,2,3,3,2,1,2,1,NA,1,1,4,4
"40",380,100,1,710,TRUE,"2021-02-10T14:36:38Z",29,"Woman","0","0","0","0","White",NA,NA,1.5,3,1,1,NA,1,4,1,1,NA,1,1,1,NA,5,4,2,3,1,1,1,1,7,NA
"965",381,100,0,623,TRUE,"2021-10-07T18:28:47Z",25,"Man","Native American/ Alaskan",NA,NA,"0","White","Non-Hispanic",NA,0,NA,3,2,3,2,3,3,3,NA,2,3,2,3,4,1,1,1,1,1,1,3,NA,7
"1061",382,NA,0,7665,TRUE,"2022-02-18T22:03:03Z",37,"Man","0","0","0","0","White","Non-Hispanic",9,17,1,1,1,NA,NA,4,2,2,2,1,2,1,NA,4,3,2,2,2,NA,1,6,7,7
"1148",383,NA,0,448,TRUE,"2022-09-02T14:11:21Z",51,NA,"0","0",NA,"0","White","Non-Hispanic",1,24,2,NA,1,2,2,3,2,2,2,2,NA,3,3,3,2,3,2,2,1,2,3,3,3
"435",NA,100,NA,1379,NA,"2022-06-23T14:26:14Z",NA,"Man","0",NA,"0",NA,"White","Non-Hispanic",NA,8,3,2,2,2,2,3,2,2,NA,2,3,2,3,3,2,NA,1,2,1,2,3,NA,4
"1140",385,NA,0,833,TRUE,"2022-09-01T18:13:37Z",40,NA,"0","0","0","0","White","Non-Hispanic",2,NA,3,2,2,3,NA,4,3,3,2,1,3,1,3,4,2,2,2,4,3,2,2,5,5
"1665",386,100,NA,10041,TRUE,"2022-07-11T16:26:03Z",64,"Man","0",NA,"0","0","White","Non-Hispanic",4,42,3,2,2,2,NA,3,NA,NA,2,2,2,2,4,3,NA,1,1,1,1,1,NA,7,NA
"1888",NA,100,1,393,TRUE,NA,47,NA,"0","0","0",NA,"White","Non-Hispanic",0,NA,2,2,NA,2,NA,2,NA,2,NA,2,3,NA,3,3,2,2,2,2,NA,2,2,2,NA
"347",388,NA,1,NA,TRUE,"2022-03-29T14:05:26Z",32,NA,"0","0","0","0","White","Non-Hispanic",1,11,3,4,2,NA,3,3,NA,4,4,4,3,3,3,3,6,6,4,4,4,4,4,4,4
"765",389,100,NA,1375,NA,"2022-11-16T14:21:11Z",43,"Man","0","0","0",NA,"White","Non-Hispanic",NA,5,3,2,2,NA,2,4,2,2,2,2,3,1,4,4,6,5,4,5,3,NA,5,5,NA
"1016",390,100,0,789,NA,"2022-02-08T16:21:40Z",20,"Woman","0",NA,"0","0","0","Hispanic",0,0,2,3,NA,3,2,3,3,2,2,2,5,1,NA,NA,1,NA,1,1,1,1,1,6,7
"443",391,100,1,1047,TRUE,NA,NA,"Woman","0","0","African American / Black","0",NA,NA,NA,0,4,2,2,3,2,3,4,NA,3,2,2,1,5,4,7,6,1,1,6,NA,NA,6,6
"2012",392,100,1,5035,NA,"2022-12-19T17:26:39Z",NA,"Woman","0","0","0","0","White","Non-Hispanic",NA,NA,2,2,3,3,2,4,3,NA,2,2,5,NA,4,4,4,4,3,2,1,3,NA,4,4
"494",393,100,1,969,TRUE,"2022-08-03T13:24:49Z",24,"Man","0","0",NA,"0","0","Hispanic",2,2,4,3,1,NA,NA,3,NA,4,3,NA,3,1,5,5,NA,7,NA,7,7,1,NA,1,5
"232",394,NA,1,1034,TRUE,"2021-11-17T14:23:53Z",61,"Man","0","0",NA,NA,"White","Non-Hispanic",26,33,3,NA,2,3,2,NA,NA,3,3,2,3,2,3,3,4,2,2,NA,5,4,2,2,2
"1995",395,100,NA,NA,TRUE,"2022-12-18T07:34:30Z",54,"Man","0","0","African American / Black","0","0",NA,5,18,NA,2,2,3,NA,4,3,3,2,2,NA,NA,4,4,NA,2,NA,2,1,1,5,3,5
"788",396,100,1,NA,NA,"2022-11-28T14:17:31Z",54,NA,NA,"0",NA,"0","White","Non-Hispanic",NA,NA,3,NA,2,3,NA,NA,3,3,3,2,3,3,4,3,5,NA,3,2,1,1,NA,5,NA
"454",397,100,NA,NA,TRUE,"2022-07-14T18:10:47Z",28,"Man","0","0","African American / Black","0","0","Non-Hispanic",NA,NA,3,2,2,2,1,4,NA,3,2,NA,2,3,3,3,3,1,1,1,1,1,1,7,6
"93",398,NA,NA,611,TRUE,"2021-04-23T13:07:00Z",21,"Man","0","0","0","0","White","Non-Hispanic",NA,NA,3,2,2,3,2,3,3,3,2,2,2,2,4,4,1,1,1,1,1,1,2,7,7
"657",399,100,1,821,TRUE,"2022-10-06T13:10:01Z",NA,"Man","0","0",NA,NA,"White","Non-Hispanic",4,4,NA,2,2,3,2,3,NA,2,3,2,5,4,5,4,5,NA,5,5,NA,1,NA,5,5
"157",NA,100,1,433,TRUE,NA,36,"Man","0","0","0","0","White","Non-Hispanic",15,NA,NA,2,2,NA,2,4,NA,3,2,2,NA,2,4,3,5,4,5,4,4,5,NA,5,5
"328",401,100,1,1372,TRUE,"2022-02-08T15:13:42Z",NA,"Man","0","0","0",NA,"White","Non-Hispanic",18,3,1,1,NA,NA,3,NA,2,2,2,3,4,1,1,1,3,NA,3,5,NA,2,3,3,NA
"1123",402,100,NA,3172,TRUE,"2022-08-03T19:02:01Z",26,NA,"0","0","0","0","White","Non-Hispanic",0,8,4,2,NA,NA,2,NA,NA,3,NA,2,2,NA,3,4,NA,5,3,3,1,2,1,4,NA
"749",403,NA,1,759,TRUE,"2022-11-10T14:11:42Z",34,"Man",NA,NA,NA,NA,NA,"Hispanic",0,0,2,2,2,2,2,4,2,NA,2,NA,2,2,4,4,4,4,4,4,NA,1,4,4,4
"439",404,NA,1,860,NA,"2022-07-12T18:15:39Z",42,"Man","0","0","0","0","White",NA,2,19,1,2,2,2,2,3,1,3,3,1,2,2,NA,5,NA,2,1,2,NA,NA,NA,NA,NA
"1258",405,100,1,707,TRUE,"2022-04-29T13:03:45Z",30,"Man","0","0","0","0","White","Non-Hispanic",0,1.5,3,3,3,NA,2,4,4,4,1,NA,2,1,4,5,2,NA,2,2,1,1,7,7,7
"719",406,100,NA,NA,TRUE,"2022-10-26T13:13:05Z",30,"Man","0","0","0","0",NA,"Non-Hispanic",0,4.5,4,2,2,3,2,3,4,3,2,2,2,1,NA,4,NA,4,1,3,NA,1,NA,7,6
"617",NA,100,1,1186,TRUE,"2022-09-02T13:15:03Z",27,"Man","0","0",NA,NA,"White",NA,3,3,3,2,2,3,1,NA,3,3,NA,2,3,NA,4,4,2,4,NA,4,2,NA,2,5,4
"806",408,100,0,525,TRUE,"2020-09-24T18:15:50Z",33,NA,"0","0","0","0","White","Non-Hispanic",0,10,3,2,1,3,2,3,3,NA,3,3,4,2,4,4,6,5,NA,5,2,2,3,6,6
"195",409,100,1,NA,TRUE,"2021-10-01T22:50:54Z",33,"Man","0","Asian","0","0","0","Non-Hispanic",1,11,4,2,1,3,2,4,3,3,NA,2,3,2,4,3,2,2,NA,2,1,1,6,4,NA
"1085",410,100,0,645,TRUE,"2022-04-21T14:13:47Z",57,"Man","0","0","0","0",NA,"Non-Hispanic",8,28,2,2,2,2,2,4,3,3,NA,2,3,1,4,4,6,6,2,2,1,1,2,5,5
"257",411,100,1,NA,TRUE,"2021-12-07T16:19:47Z",58,"Man","Native American/ Alaskan","0","0",NA,NA,"Non-Hispanic",1,31,1,1,NA,2,2,4,2,2,2,2,3,2,4,4,4,3,2,2,1,NA,2,NA,2
"1847",412,100,1,926,TRUE,"2022-11-09T21:23:20Z",45,"Woman",NA,"0",NA,"0","White","Non-Hispanic",8,6,2,2,2,2,2,3,NA,2,2,2,NA,1,5,5,2,2,2,2,1,1,5,5,5
"1139",NA,NA,0,NA,TRUE,"2022-09-01T18:12:40Z",39,"Man","0",NA,"0",NA,"White","Non-Hispanic",8,14,2,3,NA,NA,NA,4,3,NA,2,1,2,1,4,4,2,2,1,1,1,1,7,7,7
"834",414,100,0,1837,TRUE,"2020-12-09T15:36:08Z",31,NA,"0",NA,"0",NA,"White","Non-Hispanic",7,NA,3,NA,3,4,3,4,4,4,2,3,5,4,2,4,NA,7,4,NA,5,5,2,2,2
"1698",415,100,1,648,TRUE,NA,26,"Man",NA,"0",NA,"0","White","Non-Hispanic",0,0,3,2,2,3,3,3,4,4,3,1,3,1,4,4,2,2,1,1,1,1,NA,NA,NA
"1478",NA,100,1,461,TRUE,"2022-05-23T17:43:01Z",45,"Woman","0","0",NA,"0","White",NA,6,17,NA,2,2,NA,2,3,2,2,NA,2,4,NA,5,NA,2,NA,2,2,1,1,5,5,5
"1336",417,100,1,1656,TRUE,"2022-05-04T19:41:58Z",NA,"Man",NA,"0","0","0",NA,"Hispanic",NA,NA,2,2,2,2,2,3,2,NA,2,2,4,NA,4,4,4,4,1,NA,1,1,NA,7,7
"1034",418,100,0,921,TRUE,"2022-02-16T15:22:52Z",NA,"Man","0","0","0",NA,NA,"Non-Hispanic",1,18,2,2,2,3,2,3,3,NA,2,2,4,2,3,4,2,1,1,2,1,2,7,7,7
"1039",419,100,0,1481,TRUE,"2022-02-16T15:33:05Z",49,NA,"0",NA,"0","0","White",NA,22,27,3,3,3,3,NA,1,3,3,2,2,3,NA,4,4,4,NA,3,3,1,1,NA,NA,3
"1685",420,100,NA,NA,TRUE,NA,61,"Man","0",NA,"0","0","White",NA,15,NA,3,2,2,2,2,3,2,2,2,2,3,2,NA,4,4,4,2,2,NA,2,4,3,5
"412",421,100,1,1543,NA,"2022-05-12T14:24:41Z",NA,NA,"Native American/ Alaskan","0","African American / Black",NA,NA,NA,2.5,2.5,1,2,1,2,1,4,2,2,NA,1,2,1,4,4,5,NA,2,1,1,NA,6,NA,7
"760",422,NA,1,688,TRUE,NA,42,"Man","0","0","0","0","White","Non-Hispanic",20,20,NA,3,NA,3,NA,4,3,3,3,2,3,2,NA,3,5,4,4,2,1,1,4,3,3
"1165",423,100,0,984,NA,"2022-09-02T18:26:16Z",63,"Man","0",NA,NA,"0","White","Non-Hispanic",33,36,4,3,3,3,3,4,4,NA,NA,3,3,2,4,4,NA,4,3,2,1,NA,NA,7,7
"962",424,100,0,571,TRUE,"2021-10-07T18:26:29Z",NA,"Man","0","0","0","0","White","Non-Hispanic",0,0,4,2,NA,2,1,4,3,NA,2,2,3,NA,4,3,NA,NA,2,NA,1,1,NA,5,5
"527",425,100,1,404,TRUE,"2022-08-24T13:07:01Z",32,"Man","0","0","African American / Black",NA,"0","Non-Hispanic",8,8,4,4,NA,4,1,4,NA,4,4,4,1,1,1,NA,2,2,2,2,NA,2,2,2,2
"85",426,100,1,899,TRUE,"2021-04-15T13:49:38Z",23,"Man","0","0",NA,"0","White","Non-Hispanic",NA,NA,NA,2,2,NA,1,3,3,3,2,3,3,1,NA,4,2,2,1,1,1,1,NA,5,6
"1105",427,100,0,612,TRUE,NA,25,NA,NA,"0","0","0","White","Non-Hispanic",0,4,NA,2,2,2,1,4,3,3,2,2,3,2,4,4,NA,2,2,2,1,1,4,4,4
"2001",428,100,NA,1534,TRUE,"2022-12-18T14:02:39Z",49,"Woman","0","0","African American / Black","0","0","Non-Hispanic",NA,21,2,2,1,3,2,4,2,2,2,2,1,1,5,5,2,1,1,1,1,1,6,6,4
"1906",NA,100,1,7365,TRUE,"2022-12-01T06:20:39Z",36,"Man","0","0","0",NA,"White","Non-Hispanic",2.8,2.8,4,NA,2,4,3,2,4,NA,NA,3,3,4,3,NA,4,6,4,NA,2,1,1,7,2
"759",430,NA,1,535,TRUE,"2022-11-14T14:02:48Z",36,"Man","0","0","0",NA,"White","Non-Hispanic",2,NA,4,2,2,3,2,NA,4,3,NA,NA,2,1,5,5,5,5,6,4,1,NA,6,5,4
"612",NA,100,1,1153,NA,"2022-09-02T13:13:13Z",59,"Man","0",NA,"0","0","White","Non-Hispanic",28,28,4,2,1,3,NA,NA,3,3,1,1,NA,NA,2,5,NA,NA,1,1,NA,1,2,NA,NA
"1402",432,100,1,786,TRUE,NA,NA,"Man","0",NA,NA,NA,"White","Non-Hispanic",NA,NA,2,2,1,2,2,3,NA,3,2,2,2,NA,4,4,5,4,4,NA,5,2,5,5,5
"789",433,100,1,923,TRUE,"2022-11-28T14:17:33Z",NA,NA,"0","0","0","0","White","Non-Hispanic",2,2,2,1,1,NA,2,3,2,2,2,3,NA,1,NA,4,3,3,3,3,1,1,5,5,NA
"756",434,100,1,1564,TRUE,"2022-11-10T14:28:11Z",NA,"Man",NA,NA,NA,NA,NA,"Non-Hispanic",17,30,NA,2,2,2,NA,4,3,NA,3,3,3,1,4,5,1,2,2,5,3,2,4,2,5
"1577",435,100,1,662,TRUE,"2022-06-07T18:40:03Z",46,"Man","0","0","0","0","White","Non-Hispanic",1,25,3,3,2,3,2,3,NA,2,2,2,3,3,3,3,3,5,3,4,2,NA,NA,4,2
"295",436,100,1,1006,TRUE,"2022-01-27T15:11:12Z",35,"Man",NA,"0","African American / Black","0","0","Non-Hispanic",7,NA,3,2,2,4,3,3,4,4,3,NA,NA,1,4,3,NA,NA,5,NA,2,2,1,2,2
"572",437,100,1,1069,TRUE,"2022-08-29T13:09:13Z",47,NA,"0","0","0","0","White","Non-Hispanic",15.5,15.5,4,3,2,4,4,3,3,2,2,2,2,3,3,3,6,5,NA,3,3,NA,1,5,3
"1119",438,100,0,NA,TRUE,"2022-08-02T18:22:15Z",NA,"Man","0","0","0",NA,"White","Non-Hispanic",3,6,2,1,1,2,1,4,2,2,NA,1,4,2,3,4,2,1,1,2,1,2,7,7,7
"219",439,NA,1,1290,TRUE,"2021-11-05T13:59:13Z",NA,"Man","0",NA,"African American / Black",NA,"0","Non-Hispanic",NA,NA,NA,2,2,2,1,4,3,4,2,NA,3,3,NA,NA,1,1,NA,1,1,1,1,7,7
"586",440,100,1,1822,TRUE,"2022-08-29T13:22:58Z",45,"Woman","0","0","African American / Black","0","0",NA,2,19,2,NA,NA,2,2,4,2,2,2,2,3,2,4,4,2,2,2,1,1,1,3,2,2
"985",441,100,0,673,TRUE,NA,NA,"Man",NA,"0","0","0","White",NA,1,1,4,NA,2,3,NA,NA,3,3,NA,2,3,1,4,NA,1,NA,NA,NA,NA,NA,NA,NA,NA
"1152",442,100,0,865,TRUE,"2022-09-02T14:19:02Z",52,"Man","0","0","0","0","White","Non-Hispanic",23,27,3,3,2,2,2,3,3,3,2,2,3,NA,NA,4,2,2,2,2,NA,1,NA,NA,2
"1075",443,100,0,918,TRUE,"2022-04-13T14:55:23Z",NA,NA,"0","0",NA,"0",NA,"Non-Hispanic",1,10,3,2,2,3,2,4,2,2,1,2,4,3,NA,NA,2,6,5,6,NA,NA,NA,2,1
"1887",NA,100,1,480,TRUE,"2022-11-28T20:57:25Z",47,"Man","0","0","0","0","White","Non-Hispanic",0,7,2,2,NA,2,2,2,NA,2,2,NA,3,3,3,3,2,2,2,2,NA,NA,2,2,2
"631",NA,100,1,1435,TRUE,"2022-09-27T13:32:54Z",51,NA,NA,"0","0","0","White","Non-Hispanic",12,NA,3,2,2,3,NA,3,2,2,2,NA,4,2,4,3,NA,2,2,NA,2,2,NA,NA,NA
"498",446,NA,1,1366,TRUE,NA,30,"Man","0","0","0","0","White","Non-Hispanic",4,4,3,3,3,4,3,4,2,NA,2,NA,4,2,2,NA,NA,5,4,7,2,2,5,NA,5
"1672",447,100,1,1706,TRUE,"2022-07-16T01:42:12Z",53,NA,"0","0","African American / Black","0","0","Non-Hispanic",5,NA,3,2,2,3,2,NA,2,2,2,2,2,2,4,4,3,3,3,2,NA,1,4,NA,NA
"722",448,100,1,1164,TRUE,"2022-10-26T13:15:41Z",NA,"Man","0","0","0","0","White","Non-Hispanic",3,3,2,3,3,4,2,3,3,3,3,2,3,2,3,4,2,2,2,1,1,1,1,4,1
"710",449,100,1,NA,TRUE,"2022-10-24T13:13:33Z",NA,"Man","0","0","0","0",NA,"Non-Hispanic",2,NA,3,2,NA,3,2,4,2,2,2,2,1,NA,5,NA,2,2,1,1,1,1,NA,NA,6
"122",450,100,1,756,NA,NA,29,NA,NA,"0","0","0",NA,"Non-Hispanic",6,6,3,NA,NA,3,3,3,3,3,3,3,5,3,2,5,5,NA,5,7,3,4,4,2,2
"1046",451,100,0,736,TRUE,"2022-02-16T19:44:58Z",36,"Man","0","0","0",NA,NA,"Non-Hispanic",7,NA,2,2,3,2,1,4,2,NA,2,2,3,NA,4,5,2,NA,NA,3,1,1,3,6,5
"999",NA,100,0,NA,TRUE,NA,58,"Man",NA,"0","0","0",NA,"Non-Hispanic",NA,30,4,3,NA,3,NA,3,NA,2,2,2,2,2,4,4,4,2,NA,3,NA,1,3,NA,4
"179",453,100,1,NA,TRUE,"2021-09-30T20:00:10Z",NA,"Man","0","0",NA,"0","White","Non-Hispanic",NA,15,3,3,2,3,3,4,NA,3,NA,3,3,1,3,NA,NA,3,NA,7,3,2,2,2,2
"254",454,NA,NA,892,TRUE,"2021-12-07T16:16:38Z",35,NA,NA,"0","0","0",NA,"Non-Hispanic",NA,NA,2,3,2,3,2,3,NA,2,3,NA,3,NA,3,3,2,2,2,2,2,2,2,2,2
"959",455,100,0,1061,TRUE,NA,51,"Man","0",NA,"0",NA,"White","Non-Hispanic",13,34,3,3,3,3,2,3,3,3,3,2,4,3,3,3,7,7,7,7,2,2,4,NA,5
"1038",456,100,0,1104,TRUE,"2022-02-16T15:26:56Z",32,NA,NA,NA,"0","0",NA,"Non-Hispanic",4,6,NA,3,3,3,2,4,3,NA,2,2,2,2,4,4,2,2,NA,2,1,1,4,4,2
"954",NA,NA,0,542,TRUE,"2021-09-27T15:18:24Z",36,"Man","0","0","0","0",NA,"Non-Hispanic",4,NA,3,3,NA,3,2,4,3,3,3,2,3,2,4,NA,4,NA,NA,NA,1,NA,NA,5,5
"2029",NA,100,1,628,NA,"2022-12-21T22:09:46Z",NA,"Man","0","0","0","0","White","Non-Hispanic",3,NA,NA,3,NA,3,1,4,4,4,2,4,3,2,4,4,2,2,1,2,1,NA,1,NA,7
"1124",459,100,0,686,TRUE,"2022-08-05T18:24:02Z",20,"Man",NA,"0","0","0","White","Non-Hispanic",0,1,3,2,2,2,2,4,NA,3,2,1,2,1,5,5,1,1,NA,1,1,1,1,7,NA
"860",460,100,0,622,TRUE,"2021-04-14T18:33:53Z",34,"Woman","0","0","0","0","White","Non-Hispanic",10,10,1,1,NA,3,1,4,NA,2,1,1,3,1,4,5,2,5,4,2,1,1,4,NA,4
"248",461,100,1,894,TRUE,"2021-12-02T15:22:36Z",54,"Man","0","0","0","0","White","Non-Hispanic",13,31,3,2,2,3,2,NA,NA,3,3,2,3,2,4,5,5,5,1,2,1,2,7,7,6
"1646",462,100,1,NA,TRUE,"2022-07-02T18:51:34Z",21,"Man","0","0","0","0","White","Non-Hispanic",0,0,2,2,2,NA,2,NA,3,NA,2,2,2,2,4,5,2,2,2,2,NA,1,4,6,4
"991",463,100,0,1649,TRUE,"2021-11-16T14:46:48Z",50,"Woman","0","0","0","0","White","Non-Hispanic",20,NA,2,2,2,NA,2,3,NA,NA,2,2,3,2,4,4,NA,5,4,4,1,NA,2,4,2
"204",464,100,1,648,TRUE,NA,33,"Man",NA,"0","0","0","White","Non-Hispanic",NA,NA,2,2,2,3,NA,3,2,NA,2,NA,3,3,3,NA,4,4,NA,4,4,4,4,NA,4
"1242",465,100,1,1457,TRUE,"2022-04-09T12:09:06Z",61,"Man","0","0","0","0","White","Non-Hispanic",NA,16,NA,NA,NA,3,3,4,3,3,2,2,1,1,1,5,3,4,3,2,NA,1,4,5,6
"517",466,NA,NA,719,TRUE,"2022-08-22T13:05:56Z",50,"Man","0","0","0",NA,"White","Non-Hispanic",20,20,2,1,NA,3,NA,4,2,NA,NA,2,3,NA,3,3,1,2,2,2,2,1,1,2,2
"1434",467,100,1,1449,NA,"2022-05-18T13:18:17Z",48,"Man","0",NA,"0","0","White","Non-Hispanic",4,15,2,2,2,3,NA,4,3,2,2,2,2,1,5,1,2,2,2,2,NA,1,1,5,6
"555",468,100,NA,1117,TRUE,"2022-08-26T13:22:22Z",NA,NA,NA,NA,"0","0","White","Non-Hispanic",NA,13,4,NA,2,3,2,4,3,3,NA,2,2,1,NA,NA,5,4,3,NA,2,NA,NA,NA,5
"1228",469,100,1,NA,NA,"2022-03-11T17:12:33Z",19,"Other (specify):",NA,"0","0","0",NA,NA,0,1,1,1,1,1,NA,NA,1,1,NA,1,5,5,5,5,7,NA,7,7,NA,7,7,7,7
"2099",NA,100,1,1563,TRUE,"2023-01-04T15:34:23Z",NA,NA,NA,"0","0","0","White",NA,0,0,2,NA,2,3,1,NA,2,2,1,1,NA,1,NA,NA,3,NA,NA,1,2,1,3,NA,2
"1275",471,100,NA,3017,TRUE,"2022-04-29T18:24:28Z",31,NA,NA,NA,"African American / Black",NA,"0","Non-Hispanic",0,2,1,1,2,NA,NA,4,3,2,2,NA,NA,1,4,4,3,1,1,1,NA,1,1,4,NA
"66",472,NA,1,1333,TRUE,"2021-03-10T21:33:08Z",NA,"Man","0","0","0",NA,NA,"Non-Hispanic",6,6,2,2,2,3,2,4,3,NA,2,2,3,3,3,4,2,2,2,NA,1,1,NA,5,NA
"207",473,100,1,807,NA,"2021-11-05T13:48:56Z",33,"Man","0","0","African American / Black",NA,"0","Non-Hispanic",NA,NA,1,NA,1,NA,1,NA,2,2,1,3,NA,1,4,NA,NA,2,2,2,1,1,NA,NA,5
"141",474,NA,NA,533,TRUE,"2021-09-14T14:04:03Z",24,"Man","0",NA,"African American / Black","0","White","Non-Hispanic",3,3,NA,1,NA,4,2,3,4,4,4,NA,5,3,3,3,6,5,3,4,5,5,6,4,4
"569",NA,100,1,832,TRUE,"2022-08-29T13:05:26Z",22,"Man",NA,NA,"0","0","White","Non-Hispanic",1,1,NA,2,2,3,2,3,2,3,2,2,3,2,4,4,4,4,1,1,1,1,6,4,6
"1518",NA,100,1,3657,TRUE,"2022-05-26T07:56:19Z",NA,"Woman","0","0","0","0","White",NA,0,3,2,2,3,4,2,4,3,NA,3,3,4,3,1,3,5,5,4,2,NA,1,3,2,2
"1241",477,100,1,525,TRUE,"2022-04-08T16:38:36Z",56,NA,"0","0",NA,"0",NA,"Non-Hispanic",29,3,2,NA,2,2,2,3,3,NA,3,3,1,1,4,4,2,2,2,NA,1,1,3,7,5
"2024",NA,100,1,890,TRUE,"2022-12-21T19:49:29Z",NA,"Man","0","0","0","0","White","Non-Hispanic",20,NA,3,3,3,3,2,3,2,NA,3,2,NA,NA,4,4,3,7,7,7,7,7,NA,NA,7
"143",NA,100,1,757,TRUE,"2021-09-14T14:07:48Z",25,"Man","0","0","0",NA,"White","Non-Hispanic",NA,2,3,2,NA,NA,2,3,2,2,2,2,NA,NA,4,4,2,1,1,1,NA,NA,1,NA,7
"1144",480,100,0,871,TRUE,"2022-09-01T18:15:06Z",NA,"Man","0","0","0","0","White","Non-Hispanic",4,10,3,1,NA,3,NA,4,NA,4,1,1,5,1,1,NA,3,2,2,NA,NA,2,NA,2,2
"963",481,100,NA,623,NA,"2021-10-07T18:28:36Z",21,"Woman",NA,NA,NA,"0","White",NA,NA,0,2,1,2,NA,1,4,2,3,1,1,NA,2,NA,4,3,3,NA,1,1,1,1,2,5
"931",482,100,NA,NA,TRUE,NA,53,NA,"0","0","0","0","White","Non-Hispanic",2,32,2,NA,2,2,2,3,2,3,2,3,4,2,3,3,2,1,1,2,NA,2,7,7,NA
"955",483,100,0,NA,NA,"2021-09-27T15:20:21Z",28,"Man","0","0","0","0","White","Non-Hispanic",1,1,1,2,1,2,2,4,3,3,NA,2,NA,1,4,NA,2,NA,1,2,NA,NA,NA,2,5
"1276",484,100,1,1876,TRUE,"2022-04-29T18:39:38Z",NA,"Man","0","0",NA,"0",NA,"Non-Hispanic",0,NA,2,2,NA,3,2,NA,3,3,3,2,NA,1,5,4,2,NA,NA,1,1,NA,2,4,NA
"95",NA,100,1,827,TRUE,"2021-04-23T13:08:48Z",24,NA,"0","0",NA,"0","0","Non-Hispanic",NA,NA,2,1,1,2,1,4,NA,2,1,NA,NA,NA,3,4,4,5,1,1,1,1,7,NA,5
"1096",486,100,0,633,NA,"2022-05-06T18:21:39Z",28,"Woman","0","0","0","0","White","Non-Hispanic",0,0,4,3,2,4,3,3,4,4,3,3,4,2,3,NA,2,2,NA,NA,NA,2,6,6,5
"666",487,100,1,1622,TRUE,"2022-10-06T13:26:01Z",38,NA,"0","0","0",NA,"White","Non-Hispanic",2,2,1,1,NA,1,NA,4,1,3,NA,1,2,2,4,NA,4,4,NA,4,1,1,NA,6,NA
"714",488,100,1,1883,TRUE,"2022-10-24T13:33:05Z",30,"Man","0","0","0","0","White","Non-Hispanic",NA,NA,2,2,2,3,2,NA,1,2,2,NA,3,1,4,4,5,5,1,1,1,NA,5,5,4
"608",489,100,1,866,TRUE,NA,41,"Man",NA,"0","0",NA,"White",NA,14,14,4,2,2,4,1,4,NA,4,4,3,2,1,5,NA,7,NA,4,4,1,1,NA,7,3
"198",NA,100,1,1350,TRUE,"2021-10-01T22:56:52Z",43,"Woman","0","0","0","0","White","Non-Hispanic",19,NA,2,2,1,3,2,NA,3,2,2,2,3,NA,NA,NA,5,2,2,7,3,2,1,2,2
"1099",491,NA,0,NA,TRUE,"2022-06-09T14:10:43Z",46,"Man","0","0","0","0","White","Non-Hispanic",5,24,NA,NA,1,2,NA,1,1,1,1,NA,2,1,NA,2,4,2,1,4,2,4,NA,4,4
"1628",492,100,1,691,TRUE,"2022-06-28T18:52:42Z",47,"Man","0",NA,"0","0","White","Non-Hispanic",1,25,3,2,2,3,2,3,3,3,2,2,2,1,4,5,4,4,4,4,2,NA,2,2,3
"1468",493,100,1,418504,TRUE,"2022-05-23T12:53:45Z",NA,"Man","0",NA,"0","0","White","Non-Hispanic",2,31,2,2,2,3,2,NA,2,2,2,2,4,3,3,3,1,NA,1,1,1,1,1,7,6
"601",494,100,NA,1342,TRUE,"2022-08-31T13:29:59Z",NA,"Man","0","0","0","0","White","Non-Hispanic",20,20,NA,3,2,2,2,NA,3,3,NA,2,3,4,4,3,4,NA,NA,2,1,1,1,1,2
"2093",495,100,1,882,TRUE,"2023-01-03T07:54:12Z",65,"Woman","0","0","0",NA,NA,NA,1,1,1,2,NA,2,2,4,NA,NA,3,2,3,2,4,4,4,6,1,6,1,2,NA,7,6
"310",496,100,1,815,TRUE,"2022-02-01T15:08:51Z",36,"Man","0","0","0","0","White","Non-Hispanic",8,9,3,1,2,3,2,4,2,2,1,NA,NA,1,4,5,1,NA,1,1,1,1,7,7,7
"1077",497,100,0,1990,TRUE,"2022-04-13T15:15:22Z",60,"Man",NA,NA,"0","0",NA,"Non-Hispanic",NA,30,1,NA,2,2,NA,3,NA,2,NA,2,5,5,2,NA,1,1,NA,7,1,1,NA,7,7
"1294",498,NA,1,817,TRUE,"2022-05-02T03:51:59Z",45,"Man","0","0","0","0",NA,NA,NA,4,1,1,1,3,1,4,3,NA,NA,1,1,NA,5,5,1,1,1,1,1,1,7,7,NA
"123",499,NA,1,958,TRUE,"2021-05-25T19:32:09Z",46,"Woman","0",NA,"0","0","White","Non-Hispanic",21,21,NA,3,2,3,NA,3,3,3,3,3,NA,3,NA,3,2,2,3,NA,3,2,2,2,2
"648",500,100,1,NA,TRUE,NA,NA,"Woman","0","0","African American / Black","0","0",NA,NA,30,3,2,1,3,NA,NA,2,NA,2,3,NA,2,4,NA,NA,NA,2,NA,NA,2,2,4,NA
